出表日期,資料年月,公司代號,公司名稱,產業別,營業收入-當月營收,營業收入-上月營收,營業收入-去年當月營收,營業收入-上月比較增減(%),營業收入-去年同月增減(%),累計營業收入-當月累計營收,累計營業收入-去年累計營收,累計營業收入-前期比較增減(%),備註
"1150217","11501","1240","茂生農經","農業科技","216068","240962","231435","-10.33108954938953","-6.639877287359302","216068","231435","-6.639877287359302","-"
"1150217","11501","1259","安心","觀光餐旅","510795","507963","532865","0.5575209217994224","-4.141761984742852","510795","532865","-4.141761984742852","-"
"1150217","11501","1264","德麥","食品工業","720821","685986","681442","5.078091972722476","5.778775009465222","720821","681442","5.778775009465222","-"
"1150217","11501","1268","漢來美食","觀光餐旅","650457","554147","781931","17.379864909491523","-16.814015558917603","650457","781931","-16.814015558917603","-"
"1150217","11501","1294","漢田生技","食品工業","90427","83640","41491","8.11453849832616","117.94365043021378","90427","41491","117.94365043021378","本月營收較去年同期增加，主係市場需求增加所致。"
"1150217","11501","1295","生合","食品工業","81085","106769","70889","-24.05567159006828","14.383049556348658","81085","70889","14.383049556348658","-"
"1150217","11501","1336","台翰","電子零組件業","196914","180527","200232","9.077312534967069","-1.657077789763874","196914","200232","-1.657077789763874","-"
"1150217","11501","1565","精華","生技醫療業","310973","323254","331061","-3.7991795925185765","-6.06776394682551","310973","331061","-6.06776394682551","-"
"1150217","11501","1569","濱川","電腦及週邊設備業","241493","252264","256388","-4.2697332952779625","-5.809554269310576","241493","256388","-5.809554269310576","-"
"1150217","11501","1570","力肯","電機機械","44781","7049","55007","535.2816002269825","-18.590361226752957","44781","55007","-18.590361226752957","-"
"1150217","11501","1580","新麥","電機機械","430388","422961","381500","1.7559538586299919","12.814678899082569","430388","381500","12.814678899082569","-"
"1150217","11501","1584","精剛","其他","214208","212601","223960","0.7558760306865913","-4.35434899089123","214208","223960","-4.35434899089123","-"
"1150217","11501","1586","和勤","電機機械","218429","208815","186978","4.604075377726696","16.820695482891036","218429","186978","16.820695482891036","-"
"1150217","11501","1591","駿吉-KY","電機機械","44016","26971","3965","63.19750843498573","1010.1134930643127","44016","3965","1010.1134930643127","本期銷售數量增加所致"
"1150217","11501","1593","祺驊","運動休閒","115822","136164","96230","-14.93933785728974","20.359555232256053","115822","96230","20.359555232256053","-"
"1150217","11501","1595","川寶","電子零組件業","58304","68642","51999","-15.06074997814749","12.125233177561107","58304","51999","12.125233177561107","-"
"1150217","11501","1599","宏佳騰","電機機械","213510","122881","152660","73.75346880315102","39.85981920607887","213510","152660","39.85981920607887","-"
"1150217","11501","1742","台蠟","化學工業","6303","6505","11451","-3.105303612605688","-44.95677233429395","6303","11451","-44.95677233429395","-"
"1150217","11501","1777","生泰","生技醫療業","86700","82770","96463","4.748097136643712","-10.12097902822844","86700","96463","-10.12097902822844","-"
"1150217","11501","1781","合世","生技醫療業","37098","44695","52513","-16.997427005257858","-29.3546359948965","37098","52513","-29.3546359948965","-"
"1150217","11501","1784","訊聯","生技醫療業","106817","146406","86452","-27.04055844705818","23.55642437421922","106817","86452","23.55642437421922","-"
"1150217","11501","1785","光洋科","其他電子業","4662202","4194415","2779797","11.152616038231791","67.71735490037582","4662202","2779797","67.71735490037582","貴金屬營收年增率79%，VAS營收年增率21%"
"1150217","11501","1788","杏昌","生技醫療業","420924","392251","369859","7.309860268042656","13.806612790279539","420924","369859","13.806612790279539","-"
"1150217","11501","1796","金穎生技","食品工業","54413","61869","61025","-12.051269618063975","-10.834903727980336","54413","61025","-10.834903727980336","-"
"1150217","11501","1799","易威","生技醫療業","77447","67497","32238","14.74139591389247","140.2351262485266","77447","32238","140.2351262485266","因新藥/學名藥產品出貨較去年同期增多，故營收成長。"
"1150217","11501","1813","寶利徠","生技醫療業","28118","27837","23070","1.0094478571685168","21.88123103597746","28118","23070","21.88123103597746","-"
"1150217","11501","1815","富喬","電子零組件業","570799","499035","478925","14.380554470127345","19.18337944354544","570799","478925","19.18337944354544","-"
"1150217","11501","2035","唐榮公司","鋼鐵工業","917938","840906","635256","9.160595833541443","44.49891067538126","917938","635256","44.49891067538126","-"
"1150217","11501","2061","風青","電器電纜","132378","120000","92395","10.315","43.27398668759132","132378","92395","43.27398668759132","-"
"1150217","11501","2063","世鎧精密","鋼鐵工業","65803","90066","79447","-26.9391335243044","-17.17371329313882","65803","79447","-17.17371329313882","-"
"1150217","11501","2064","晉椿","鋼鐵工業","153852","115613","112148","33.07500021623866","37.18657488319007","153852","112148","37.18657488319007","-"
"1150217","11501","2065","世豐","鋼鐵工業","180374","218752","185435","-17.5440681685196","-2.7292582306468574","180374","185435","-2.7292582306468574","-"
"1150217","11501","2066","世德","電機機械","238572","166574","234176","43.222831894533364","1.8772205520634053","238572","234176","1.8772205520634053","-"
"1150217","11501","2067","嘉鋼","電機機械","87856","96694","65271","-9.140174157651975","34.60189057927717","87856","65271","34.60189057927717","-"
"1150217","11501","2070","精湛","電機機械","46109","92780","40492","-50.302866997197675","13.871875926108862","46109","40492","13.871875926108862","-"
"1150217","11501","2073","雄順","鋼鐵工業","42327","49152","39578","-13.885498046875","6.945777957451109","42327","39578","6.945777957451109","-"
"1150217","11501","2221","大甲","其他","133931","119127","99414","12.427073627305314","34.72046190677369","133931","99414","34.72046190677369","-"
"1150217","11501","2230","泰茂","電機機械","256031","295349","237655","-13.31238636325161","7.732216868990764","256031","237655","7.732216868990764","-"
"1150217","11501","2235","謚源","電機機械","51770","42401","35691","22.09617697695809","45.050572973578774","51770","35691","45.050572973578774","-"
"1150217","11501","2596","綠意","建材營造","4439","399237","150728","-98.88812910627021","-97.054959927817","4439","150728","-97.054959927817","本月適逢建案完工與遞交客戶之作業過渡期，故115年1月營收較去年同期減少。"
"1150217","11501","2640","大車隊","數位雲端","286433","288404","283296","-0.6834163187750517","1.1073223765955043","286433","283296","1.1073223765955043","-"
"1150217","11501","2641","正德","航運業","217124","209695","162719","3.5427644912849616","33.43493998856925","217124","162719","33.43493998856925","-"
"1150217","11501","2643","捷迅","航運業","674573","754367","571363","-10.577610102244664","18.063822823669017","674573","571363","18.063822823669017","-"
"1150217","11501","2718","全心投控","建材營造","48686","30604","370","59.08377989805254","13058.378378378378","48686","370","13058.378378378378","配合銷售個案交屋認列收入"
"1150217","11501","2719","燦星旅","觀光餐旅","162849","131108","239336","24.20981175824511","-31.95800046796136","162849","239336","-31.95800046796136","114及115年春節旺季分別為1月份及2月份"
"1150217","11501","2724","藝舍-KY","其他","16049","23702","11769","-32.28841447979074","36.36672614495709","16049","11769","36.36672614495709","-"
"1150217","11501","2726","雅茗-KY","觀光餐旅","41677","39762","54052","4.816156128967355","-22.894619995559832","41677","54052","-22.894619995559832","-"
"1150217","11501","2729","瓦城","觀光餐旅","476289","495057","680590","-3.7910786030699497","-30.018219486034177","476289","680590","-30.018219486034177","-"
"1150217","11501","2732","六角","觀光餐旅","422738","415568","321263","1.7253494013013515","31.586270438861618","422738","321263","31.586270438861618","-"
"1150217","11501","2734","易飛網","觀光餐旅","143207","134091","139526","6.798368272292697","2.63821796654387","143207","139526","2.63821796654387","-"
"1150217","11501","2736","富野","觀光餐旅","41076","56891","53938","-27.798773092404772","-23.845897141162077","41076","53938","-23.845897141162077","-"
"1150217","11501","2740","華軒","觀光餐旅","6326","6595","17762","-4.0788476118271415","-64.38464136921517","6326","17762","-64.38464136921517","差異原因為門店數及商品銷售金額均較去年同期減少"
"1150217","11501","2743","山富","觀光餐旅","535844","477576","552320","12.200780608740807","-2.983053302433372","535844","552320","-2.983053302433372","-"
"1150217","11501","2745","五福","觀光餐旅","685880","633259","702639","8.309554226627652","-2.3851508384817808","685880","702639","-2.3851508384817808","-"
"1150217","11501","2751","王座","觀光餐旅","163728","169217","133930","-3.243763924428397","22.248936011349212","163728","133930","22.248936011349212","-"
"1150217","11501","2752","豆府","觀光餐旅","372804","367938","377014","1.3225054221091597","-1.1166694075021086","372804","377014","-1.1166694075021086","-"
"1150217","11501","2754","亞洲藏壽司","觀光餐旅","485127","463966","491784","4.560894548307419","-1.353643062808062","485127","491784","-1.353643062808062","-"
"1150217","11501","2755","揚秦","觀光餐旅","295746","285628","240462","3.5423697956782947","22.99074282007136","295746","240462","22.99074282007136","-"
"1150217","11501","2756","聯發國際","觀光餐旅","99696","111018","65502","-10.198346214127438","52.20298616836127","99696","65502","52.20298616836127","因新品牌業務拓展成效良好，使加盟營收成長。"
"1150217","11501","2916","滿心","居家生活","211218","180322","273780","17.13379399074988","-22.851194389655927","211218","273780","-22.851194389655927","-"
"1150217","11501","2924","宏太-KY","居家生活","9671","11922","3891","-18.8810602247945","148.5479311231046","9671","3891","148.5479311231046","因本期越南子公司依完比法認列工程收入金額較高所致"
"1150217","11501","2926","誠品生活","文化創意業","590965","719085","584489","-17.81708699249741","1.1079763691018993","590965","584489","1.1079763691018993","-"
"1150217","11501","2937","集雅社","居家生活","474378","641449","478038","-26.045874262801874","-0.7656295106246783","474378","478038","-0.7656295106246783","-"
"1150217","11501","2941","米斯特","居家生活","83748","79052","117798","5.940393664929413","-28.905414353384607","83748","117798","-28.905414353384607","-"
"1150217","11501","2947","振宇五金","居家生活","212067","200105","204934","5.97786162264811","3.480632789093074","212067","204934","3.480632789093074","-"
"1150217","11501","2948","寶陞","居家生活","179663","156926","164405","14.488994812841721","9.280739636872358","179663","164405","9.280739636872358","-"
"1150217","11501","2949","欣新網","數位雲端","432552","491040","345744","-11.911045943304007","25.107594058031374","432552","345744","25.107594058031374","-"
"1150217","11501","3064","泰偉","文化創意業","6447","6313","7131","2.1226041501663233","-9.591922591501893","6447","7131","-9.591922591501893","-"
"1150217","11501","3066","李洲","光電業","28216","17068","19433","65.31520974923833","45.1963155457212","28216","19433","45.1963155457212","-"
"1150217","11501","3067","全域","其他電子業","6512","5647","7400","15.317867894457233","-12.0","6512","7400","-12.0","-"
"1150217","11501","3071","協禧","電腦及週邊設備業","244679","228118","194933","7.259839206024952","25.519537482109236","244679","194933","25.519537482109236","-"
"1150217","11501","3073","天方能源","綠能環保","45054","12269","3923","267.21819219170266","1048.457812898292","45054","3923","1048.457812898292","本月及本年增加主係承攬工程按完工進度認列營業收入。"
"1150217","11501","3078","僑威","電子零組件業","787796","529175","947457","48.87249019700477","-16.8515299375064","787796","947457","-16.8515299375064","-"
"1150217","11501","3081","聯亞","通信網路業","270770","230664","121540","17.387195227690494","122.78262300477209","270770","121540","122.78262300477209","數據中心產品出貨量較同期增加"
"1150217","11501","3083","網龍","文化創意業","30620","41413","36689","-26.06186463187888","-16.541742756684563","30620","36689","-16.541742756684563","-"
"1150217","11501","3085","新零售","數位雲端","3525","3497","2972","0.8006863025450386","18.60699865410498","3525","2972","18.60699865410498","-"
"1150217","11501","3086","華義","文化創意業","11471","19910","18763","-42.38573581115018","-38.863721153333685","11471","18763","-38.863721153333685","-"
"1150217","11501","3088","艾訊","電腦及週邊設備業","610625","805219","406965","-24.166593187691795","50.04361554433428","610625","406965","50.04361554433428","月營收較去年同期成長50.04%，主係去年農曆春節連假落於 1 月份致基期偏低，另本期台灣及美洲地區專案訂單出貨增加所致。"
"1150217","11501","3093","港建*","其他電子業","130207","101996","68242","27.65892780109024","90.80185223176343","130207","68242","90.80185223176343","主係因機器設備銷售增加所致。"
"1150217","11501","3095","及成","通信網路業","51808","63100","44364","-17.89540412044374","16.779370660896223","51808","44364","16.779370660896223","-"
"1150217","11501","3105","穩懋","半導體業","1467701","1614459","1177334","-9.09022774811872","24.66309475475948","1467701","1177334","24.66309475475948","-"
"1150217","11501","3114","好德","電子零組件業","263953","245135","212319","7.676586370775287","24.319067064181727","263953","212319","24.319067064181727","-"
"1150217","11501","3115","富榮綱","電子零組件業","577","531","935","8.662900188323917","-38.288770053475936","577","935","-38.288770053475936","-"
"1150217","11501","3118","進階","生技醫療業","57188","78676","46063","-27.312013828867762","24.151705273212773","57188","46063","24.151705273212773","-"
"1150217","11501","3122","笙泉","半導體業","29708","25525","27656","16.38785504407444","7.419728087937518","29708","27656","7.419728087937518","-"
"1150217","11501","3128","昇銳","光電業","94187","95647","105963","-1.5264462032264472","-11.113313137604635","94187","105963","-11.113313137604635","-"
"1150217","11501","3131","弘塑","其他電子業","526758","1007414","371041","-47.7118642385355","41.96759926800542","526758","371041","41.96759926800542","-"
"1150217","11501","3141","晶宏","半導體業","128759","111099","120751","15.895732634857199","6.631829135990592","128759","120751","6.631829135990592","-"
"1150217","11501","3147","大綜","資訊服務業","1411601","389361","460388","262.54298709937564","206.61116275836903","1411601","460388","206.61116275836903","1月營收大幅成長,主要係主要客戶出貨所致"
"1150217","11501","3152","璟德","通信網路業","121166","116101","133254","4.3625808563233734","-9.071397481501494","121166","133254","-9.071397481501494","-"
"1150217","11501","3158","嘉實","資訊服務業","84725","103832","75980","-18.401841436166116","11.509607791524084","84725","75980","11.509607791524084","-"
"1150217","11501","3162","精確","電機機械","749985","746450","572741","0.47357492129412554","30.946623342837338","749985","572741","30.946623342837338","訂單量增加"
"1150217","11501","3163","波若威","通信網路業","234703","223394","158704","5.062356195779654","47.88726182074806","234703","158704","47.88726182074806","-"
"1150217","11501","3169","亞信","半導體業","82239","65791","79010","25.000379991184204","4.086824452600936","82239","79010","4.086824452600936","-"
"1150217","11501","3171","炎洲流通","居家生活","214262","197095","119536","8.710012937923336","79.24474635256324","214262","119536","79.24474635256324","合併營收增加主係因收購新增合併個體子公司營收所致"
"1150217","11501","3176","基亞","生技醫療業","93317","94521","97252","-1.2737910094053173","-4.046189281454366","93317","97252","-4.046189281454366","-"
"1150217","11501","3178","公準","半導體業","75607","89109","95578","-15.152229292215152","-20.89497583125824","75607","95578","-20.89497583125824","-"
"1150217","11501","3188","鑫龍騰","建材營造","597944","214164","60681","179.19911843260306","885.3891662958752","597944","60681","885.3891662958752","本公司「鑫巨蛋2」建案完工、陸續交屋中"
"1150217","11501","3191","雲嘉南","電子零組件業","17782","12452","14983","42.804368776100226","18.681171994927585","17782","14983","18.681171994927585","-"
"1150217","11501","3205","佰研","生技醫療業","46923","17430","35025","169.20826161790018","33.97002141327623","46923","35025","33.97002141327623","-"
"1150217","11501","3206","志豐","電子零組件業","326698","216625","291605","50.81269474899019","12.034430136657464","326698","291605","12.034430136657464","-"
"1150217","11501","3207","耀勝","電子零組件業","180555","225551","123675","-19.949368435520125","45.99151000606428","180555","123675","45.99151000606428","-"
"1150217","11501","3211","順達","電腦及週邊設備業","1005478","1493745","660443","-32.68743995795802","52.242964192216434","1005478","660443","52.242964192216434","係因115年1月鋰電池組出貨增加及114年1月遇農曆新年致工作天數減少所致。"
"1150217","11501","3213","茂訊","電腦及週邊設備業","257882","194760","364313","32.41014582049702","-29.214164742954548","257882","364313","-29.214164742954548","系統事業部 131,185 仟元/通路事業部 126,697 仟元"
"1150217","11501","3217","優群","電子零組件業","331278","341578","299114","-3.0154166837442693","10.753090794814018","331278","299114","10.753090794814018","-"
"1150217","11501","3218","大學光","生技醫療業","367430","368099","417266","-0.18174458501653087","-11.943460526378857","367430","417266","-11.943460526378857","-"
"1150217","11501","3219","倚強科","其他電子業","161724","145320","65069","11.288191577208918","148.54231661774423","161724","65069","148.54231661774423","本月及累計營收較去年成長，主係去年同期農曆春節工作天數短基期低，以及因應客戶需求出貨所致。"
"1150217","11501","3221","台嘉碩","通信網路業","190604","201963","178087","-5.624297519842743","7.02858715122384","190604","178087","7.02858715122384","-"
"1150217","11501","3224","三顧","電子通路業","161259","118383","113180","36.21803806289754","42.480120162572895","161259","113180","42.480120162572895","-"
"1150217","11501","3226","龍鋒","電機機械","124369","121023","182309","2.764763722598184","-31.78120663269504","124369","182309","-31.78120663269504","-"
"1150217","11501","3227","原相","半導體業","808645","790339","800626","2.316221267076533","1.0015912548430852","808645","800626","1.0015912548430852","-"
"1150217","11501","3228","金麗科","半導體業","24456","26513","30746","-7.758458114887037","-20.457945749040526","24456","30746","-20.457945749040526","-"
"1150217","11501","3230","錦明","光電業","29590","30107","39357","-1.7172086225794665","-24.816424016058136","29590","39357","-24.816424016058136","-"
"1150217","11501","3232","昱捷","電子通路業","110116","58147","70838","89.37520422377767","55.44764109658658","110116","70838","55.44764109658658","本月較去年同期增加，主係分散式元件及微處理器銷售增加所致。"
"1150217","11501","3234","光環","通信網路業","67713","61763","65710","9.63359940417402","3.0482422766702175","67713","65710","3.0482422766702175","-"
"1150217","11501","3236","千如","電子零組件業","222204","188674","152193","17.771394044754445","46.00145867418344","222204","152193","46.00145867418344","-"
"1150217","11501","3252","海灣","觀光餐旅","46579","47643","48834","-2.233276661839095","-4.6176844002129664","46579","48834","-4.6176844002129664","-"
"1150217","11501","3259","鑫創","半導體業","18519","27151","17962","-31.79256749291002","3.100990980959804","18519","17962","3.100990980959804","-"
"1150217","11501","3260","威剛","半導體業","8411537","5809832","2813961","44.78107112219424","198.9215913084794","8411537","2813961","198.9215913084794","記憶體售價上漲及需求增加"
"1150217","11501","3264","欣銓","半導體業","1300609","1306759","1063717","-0.47063000905293173","22.270209087567466","1300609","1063717","22.270209087567466","-"
"1150217","11501","3265","台星科","半導體業","425893","430660","360027","-1.1069056796544838","18.294739005685685","425893","360027","18.294739005685685","-"
"1150217","11501","3268","海德威","半導體業","67716","66399","60191","1.983463606379614","12.501869050190228","67716","60191","12.501869050190228","-"
"1150217","11501","3272","東碩","電腦及週邊設備業","204343","202435","193250","0.9425247610344061","5.740232858990944","204343","193250","5.740232858990944","-"
"1150217","11501","3276","宇環","電子零組件業","47290","40974","50765","15.41465319470884","-6.845267408647691","47290","50765","-6.845267408647691","-"
"1150217","11501","3284","太普高","其他","60131","69059","82296","-12.9280759929915","-26.93326528628366","60131","82296","-26.93326528628366","-"
"1150217","11501","3285","微端","其他電子業","80514","90609","58895","-11.141277356553985","36.70770014432465","80514","58895","36.70770014432465","-"
"1150217","11501","3287","廣寰科","電腦及週邊設備業","98823","96938","73167","1.9445418721244507","35.06498831440403","98823","73167","35.06498831440403","-"
"1150217","11501","3288","點晶","電子零組件業","4277","9305","6292","-54.03546480386889","-32.02479338842975","4277","6292","-32.02479338842975","-"
"1150217","11501","3289","宜特","其他電子業","400062","437041","377650","-8.461219885548495","5.934595524956971","400062","377650","5.934595524956971","-"
"1150217","11501","3290","東浦","電子零組件業","192600","207345","160457","-7.111336178832381","20.03215814828895","192600","160457","20.03215814828895","-"
"1150217","11501","3293","鈊象","文化創意業","1987806","1951831","1750233","1.8431411326083047","13.573792746451472","1987806","1750233","13.573792746451472","-"
"1150217","11501","3294","英濟","電子零組件業","272746","310668","242724","-12.206599971673942","12.368781002290667","272746","242724","12.368781002290667","-"
"1150217","11501","3297","杭特","光電業","10972","17073","15581","-35.734785919287766","-29.580899813875874","10972","15581","-29.580899813875874","-"
"1150217","11501","3303","岱稜","其他電子業","289285","243671","242463","18.71950293633629","19.31098765584852","289285","242463","19.31098765584852","-"
"1150217","11501","3306","鼎天","通信網路業","84708","58589","50025","44.58004062195975","69.33133433283358","84708","50025","69.33133433283358","受去年農曆春節落於 1 月、實際工作天數較少之影響，比較基期偏低，致使今年 1 月營收較去年同期成長 69.33%。"
"1150217","11501","3310","佳穎","電子零組件業","144065","143577","133359","0.339887307855715","8.027954618735894","144065","133359","8.027954618735894","-"
"1150217","11501","3313","斐成","其他","4591","2767","177","65.91976870256596","2493.785310734463","4591","177","2493.785310734463","本年累計營收較去年同期增加，主係本年合併子公司之營收增加所致。"
"1150217","11501","3317","尼克森","半導體業","272576","239750","228491","13.691762252346194","19.293976568004865","272576","228491","19.293976568004865","-"
"1150217","11501","3322","建舜電","電子零組件業","336421","259345","291658","29.719485627253274","15.34777033374706","336421","291658","15.34777033374706","-"
"1150217","11501","3323","加百裕","電腦及週邊設備業","383141","346482","371985","10.58034760824516","2.9990456604432976","383141","371985","2.9990456604432976","-"
"1150217","11501","3324","雙鴻","其他電子業","3041929","2821521","1372849","7.811673207465051","121.57782829721259","3041929","1372849","121.57782829721259","成長動能來自AI 伺服器液冷散熱系統市佔率持續攀升"
"1150217","11501","3325","旭品","電腦及週邊設備業","103828","106256","125590","-2.28504743261557","-17.32781272394299","103828","125590","-17.32781272394299","-"
"1150217","11501","3332","幸康","電子零組件業","199114","122684","143351","62.29826220208014","38.89962399983258","199114","143351","38.89962399983258","-"
"1150217","11501","3339","泰谷","光電業","70402","66931","40559","5.185937756794311","73.57923025715624","70402","40559","73.57923025715624","115年01月加入子公司營收，較去年增加73.58%"
"1150217","11501","3349","寶德","電腦及週邊設備業","31636","23327","36748","35.619668195653105","-13.910961140742353","31636","36748","-13.910961140742353","-"
"1150217","11501","3354","律勝","電子零組件業","9268","10152","7335","-8.707643814026794","26.353101567825494","9268","7335","26.353101567825494","-"
"1150217","11501","3357","臺慶科","電子零組件業","601280","632487","479021","-4.93401445405202","25.522680634043184","601280","479021","25.522680634043184","-"
"1150217","11501","3360","尚立","電子通路業","1035573","1010615","409768","2.469585351493892","152.72178403389236","1035573","409768","152.72178403389236","本月較去年同月增加50％以上,係客戶需求增加"
"1150217","11501","3362","先進光","光電業","429482","370999","365630","15.76365434947264","17.463556053934305","429482","365630","17.463556053934305","-"
"1150217","11501","3363","上詮","通信網路業","136682","131042","153267","4.3039636147189455","-10.8209856002923","136682","153267","-10.8209856002923","-"
"1150217","11501","3372","典範","半導體業","114866","113336","71728","1.3499682360415048","60.14108855677002","114866","71728","60.14108855677002","受整體半導體產業影響，近幾月營收成長幅度較大"
"1150217","11501","3373","熱映","其他電子業","33803","37126","30953","-8.950600657221354","9.207508157529157","33803","30953","9.207508157529157","-"
"1150217","11501","3374","精材","半導體業","651321","679092","446712","-4.089431181636656","45.80333637780046","651321","446712","45.80333637780046","-"
"1150217","11501","3379","彬台","電機機械","79889","354514","92958","-77.46520588749668","-14.059037414746445","79889","92958","-14.059037414746445","-"
"1150217","11501","3388","崇越電","電子零組件業","717926","638467","619182","12.445279082552426","15.947492013656728","717926","619182","15.947492013656728","-"
"1150217","11501","3390","旭軟","電子零組件業","102613","68723","52292","49.31391237285916","96.23078099900559","102613","52292","96.23078099900559","本月營業額變動主要受客戶需求及出貨時程安排影響。"
"1150217","11501","3402","漢科","其他電子業","457548","446210","391941","2.5409560520831","16.738998981989635","457548","391941","16.738998981989635","-"
"1150217","11501","3426","台興","電機機械","46352","33486","65560","38.42202711580959","-29.298352654057354","46352","65560","-29.298352654057354","-"
"1150217","11501","3430","奇鈦科","化學工業","171148","175902","140755","-2.7026412434196314","21.59283862029768","171148","140755","21.59283862029768","-"
"1150217","11501","3434","哲固","光電業","24883","70366","51319","-64.63775118665265","-51.51308482238547","24883","51319","-51.51308482238547","客戶庫存調整及產品轉換期，導致訂單出貨時間遞延。"
"1150217","11501","3438","類比科","半導體業","70623","71357","81800","-1.0286306879493252","-13.663814180929096","70623","81800","-13.663814180929096","-"
"1150217","11501","3441","聯一光電","光電業","40761","40647","29944","0.28046350284153815","36.12409831685814","40761","29944","36.12409831685814","-"
"1150217","11501","3444","利機","電子通路業","103875","128371","93435","-19.08219146068816","11.173543104832236","103875","93435","11.173543104832236","-"
"1150217","11501","3455","由田","光電業","62153","113191","67467","-45.090157344665215","-7.876443298205048","62153","67467","-7.876443298205048","-"
"1150217","11501","3465","進泰電子","其他電子業","120646","118644","146235","1.6874009642291223","-17.49854685950696","120646","146235","-17.49854685950696","-"
"1150217","11501","3466","德晉","通信網路業","2749","2994","3598","-8.183032732130929","-23.5964424680378","2749","3598","-23.5964424680378","新產品未量產"
"1150217","11501","3467","台灣精材","半導體業","52696","52230","50369","0.8922075435573426","4.619905100359348","52696","50369","4.619905100359348","-"
"1150217","11501","3479","安勤","電腦及週邊設備業","720418","725337","595391","-0.6781675276457702","20.999141740469707","720418","595391","20.999141740469707","-"
"1150217","11501","3483","力致","電腦及週邊設備業","734807","647929","604699","13.408567914077006","21.516159279244714","734807","604699","21.516159279244714","-"
"1150217","11501","3484","崧騰","電子零組件業","388635","382512","378362","1.6007340946166395","2.715124668967814","388635","378362","2.715124668967814","-"
"1150217","11501","3489","森寶","建材營造","85470","72144","87184","18.471390552228875","-1.965957056340613","85470","87184","-1.965957056340613","-"
"1150217","11501","3490","單井","光電業","16251","24811","17914","-34.50082624642296","-9.2832421569722","16251","17914","-9.2832421569722","-"
"1150217","11501","3491","昇達科","通信網路業","369392","320502","173782","15.254194981622579","112.5605643852643","369392","173782","112.5605643852643","由於低軌衛星產業需求明顯增長，此為本月營收與去年同期比較增幅達到112.56%之主要因素。"
"1150217","11501","3492","長盛","電子零組件業","68735","72981","93994","-5.817952617804634","-26.87299189309956","68735","93994","-26.87299189309956","-"
"1150217","11501","3498","陽程","其他電子業","97333","222428","75940","-56.24067113852573","28.17092441401106","97333","75940","28.17092441401106","-"
"1150217","11501","3499","環天科","通信網路業","11993","43350","32923","-72.33448673587083","-63.572578440603834","11993","32923","-63.572578440603834","部分原材料延遲交貨/短缺"
"1150217","11501","3508","位速","其他電子業","102558","80628","78498","27.198987944634617","30.650462432163877","102558","78498","30.650462432163877","-"
"1150217","11501","3511","矽瑪","電子零組件業","180980","170948","150391","5.868451224933898","20.339647984254377","180980","150391","20.339647984254377","-"
"1150217","11501","3512","皇龍","建材營造","174938","128216","252919","36.440069882074","-30.832400887240578","174938","252919","-30.832400887240578","-"
"1150217","11501","3516","亞帝歐","光電業","110216","119827","83565","-8.020729885585052","31.892538742296416","110216","83565","31.892538742296416","-"
"1150217","11501","3520","華盈","電子零組件業","133359","111127","83879","20.00593915070145","58.989735213819905","133359","83879","58.989735213819905","係因各事業部訂單量增加"
"1150217","11501","3521","台鋼建設","建材營造","1201","9519","299","-87.38312847988234","301.67224080267556","1201","299","301.67224080267556","POS商品內外銷累計較去年同期增加，建設事業累計較去年同期相同。"
"1150217","11501","3522","御嵿","觀光餐旅","169484","118496","214668","43.029300567107754","-21.048316470084036","169484","214668","-21.048316470084036","-"
"1150217","11501","3523","迎輝","光電業","2973","2763","4210","7.60043431053203","-29.382422802850357","2973","4210","-29.382422802850357","售電:銷貨額$1,584,693;HC膜:銷貨額$873,101"
"1150217","11501","3526","凡甲","電子零組件業","448420","398171","297139","12.619954743062655","50.912535883879265","448420","297139","50.912535883879265","營收成長係因應過年假期，市場需求增加所致"
"1150217","11501","3527","聚積","半導體業","110682","105127","100976","5.284084963900805","9.612185073680875","110682","100976","9.612185073680875","-"
"1150217","11501","3529","力旺","半導體業","667012","80011","545007","733.6503730737023","22.385951006133865","667012","545007","22.385951006133865","-"
"1150217","11501","3531","先益","光電業","108305","100609","133673","7.649415062270771","-18.977654425351417","108305","133673","-18.977654425351417","-"
"1150217","11501","3537","堡達","電子零組件業","272735","249581","216206","9.277148500887487","26.145897893675475","272735","216206","26.145897893675475","-"
"1150217","11501","3540","曜越","電腦及週邊設備業","455608","386325","504149","17.933863974632757","-9.628304330664148","455608","504149","-9.628304330664148","-"
"1150217","11501","3541","西柏","其他電子業","82105","101441","82749","-19.06132628818722","-0.7782571390590823","82105","82749","-0.7782571390590823","-"
"1150217","11501","3546","宇峻","文化創意業","139391","220810","140899","-36.87287713418776","-1.0702701935428924","139391","140899","-1.0702701935428924","-"
"1150217","11501","3548","兆利","電子零組件業","601443","735211","794034","-18.194504706812058","-24.254754834175866","601443","794034","-24.254754834175866","-"
"1150217","11501","3551","世禾","綠能環保","276459","284315","213175","-2.7631324411304363","29.686407880849067","276459","213175","29.686407880849067","-"
"1150217","11501","3552","同致","其他電子業","695877","762383","815220","-8.723436907696001","-14.639361154044307","695877","815220","-14.639361154044307","-"
"1150217","11501","3555","博士旺","半導體業","70347","45492","1838","54.63597995251912","3727.3667029379762","70347","1838","3727.3667029379762","本月因銷售電子及消費娛樂產品，致本月及累計營收較去年同期增加。"
"1150217","11501","3556","禾瑞亞","半導體業","130056","78905","60804","64.82605665040238","113.89382277481745","130056","60804","113.89382277481745","去年同月適逢春節假期，營收基期較低，造成差異較大。"
"1150217","11501","3558","神準","通信網路業","989690","1251389","1216765","-20.912681827952778","-18.662190316125134","989690","1216765","-18.662190316125134","-"
"1150217","11501","3564","其陽","通信網路業","198235","283534","188510","-30.084222703450028","5.158877513129277","198235","188510","5.158877513129277","-"
"1150217","11501","3567","逸昌","半導體業","21140","24509","21595","-13.745970867844465","-2.106969205834684","21140","21595","-2.106969205834684","-"
"1150217","11501","3570","大塚","資訊服務業","308795","196706","184134","56.983010177625495","67.7012393148468","308795","184134","67.7012393148468","因1月客戶訂單增加所致"
"1150217","11501","3577","泓格","電腦及週邊設備業","139885","95927","132561","45.82442899288","5.5250035832560105","139885","132561","5.5250035832560105","-"
"1150217","11501","3580","友威科","其他電子業","26927","36793","30055","-26.81488326583861","-10.407586092164365","26927","30055","-10.407586092164365","-"
"1150217","11501","3581","博磊","半導體業","149722","217890","127168","-31.285511037679562","17.73559386009059","149722","127168","17.73559386009059","-"
"1150217","11501","3587","閎康","其他電子業","454787","501472","389284","-9.309592559504818","16.826532814089457","454787","389284","16.826532814089457","-"
"1150217","11501","3594","磐儀","電腦及週邊設備業","134403","174131","122478","-22.815007092361498","9.736442463136237","134403","122478","9.736442463136237","-"
"1150217","11501","3597","映興","電子零組件業","77811","77579","65934","0.2990500006445043","18.013468013468014","77811","65934","18.013468013468014","-"
"1150217","11501","3609","三一東林","電子零組件業","41789","38544","65562","8.418949771689498","-36.26033372990452","41789","65562","-36.26033372990452","-"
"1150217","11501","3611","鼎翰","電腦及週邊設備業","933225","994769","883782","-6.186762957028215","5.594479181517614","933225","883782","5.594479181517614","-"
"1150217","11501","3615","安可","光電業","81936","56991","63054","43.770068958256566","29.945760776477304","81936","63054","29.945760776477304","-"
"1150217","11501","3623","富晶通","光電業","30579","24222","20978","26.24473619024028","45.76699399370769","30579","20978","45.76699399370769","-"
"1150217","11501","3624","光頡","電子零組件業","242266","229675","188621","5.482094263633395","28.440629622364423","242266","188621","28.440629622364423","-"
"1150217","11501","3625","西勝","電腦及週邊設備業","41253","23457","33658","75.86647908939761","22.565214807772296","41253","33658","22.565214807772296","-"
"1150217","11501","3628","盈正","其他電子業","287401","333244","228081","-13.756586765253088","26.008304067414645","287401","228081","26.008304067414645","-"
"1150217","11501","3629","地心引力","文化創意業","3716","10529","3","-64.70699971507266","123766.66666666667","3716","3","123766.66666666667","主係客戶行銷及活動專案增加，導致營收成長。"
"1150217","11501","3630","新鉅科","光電業","270748","203502","187453","33.04439268410138","44.43513840802761","270748","187453","44.43513840802761","-"
"1150217","11501","3631","晟楠","電子零組件業","2460","1887","913","30.365659777424483","169.44140197152245","2460","913","169.44140197152245","去年春節在1月份,故今年營收高於去年甚多"
"1150217","11501","3632","研勤","通信網路業","24086","30950","21345","-22.177705977382875","12.841414851253221","24086","21345","12.841414851253221","-"
"1150217","11501","3646","艾恩特","電子零組件業","56861","51854","52890","9.655957110348286","7.508035545471734","56861","52890","7.508035545471734","-"
"1150217","11501","3663","鑫科","其他電子業","844951","565727","327616","49.35666849911706","157.9089543856222","844951","327616","157.9089543856222","本月貴金屬銷售金額佔合併營收比率為77%"
"1150217","11501","3664","安瑞-KY","通信網路業","20615","192095","14322","-89.26833077383586","43.93939393939394","20615","14322","43.93939393939394","-"
"1150217","11501","3666","光耀","光電業","43012","24582","43132","74.97355788788545","-0.2782157099137531","43012","43132","-0.2782157099137531","-"
"1150217","11501","3672","康聯訊","通信網路業","13702","15173","36926","-9.694852698872998","-62.89335427611981","13702","36926","-62.89335427611981","印度客戶裝機減緩"
"1150217","11501","3675","德微","半導體業","220986","219408","202349","0.7192080507547582","9.210324735975963","220986","202349","9.210324735975963","-"
"1150217","11501","3680","家登","半導體業","633937","873299","389541","-27.408940122455196","62.739480568155855","633937","389541","62.739480568155855","本月營收較去年同期增加，主要係光罩載具產品營收增加所致。"
"1150217","11501","3684","榮昌","通信網路業","85504","88089","65439","-2.934532120923157","30.662143370161523","85504","65439","30.662143370161523","-"
"1150217","11501","3685","元創精密","電機機械","118762","173935","79033","-31.72047029062581","50.2688750268875","118762","79033","50.2688750268875","主係因本集團光學射出部門因應客戶春節前備貨之需求，致使本月出貨量較去年同期增加。"
"1150217","11501","3687","歐買尬","數位雲端","170541","184554","128228","-7.59289963913001","32.998253111644885","170541","128228","32.998253111644885","-"
"1150217","11501","3689","湧德","電子零組件業","717516","679510","547771","5.593148003708555","30.988314459874655","717516","547771","30.988314459874655","-"
"1150217","11501","3691","碩禾","光電業","849593","877738","287309","-3.206537713987545","195.70706103881187","849593","287309","195.70706103881187","係因太陽能導電漿產品、AI伺服器液冷管接件及其零組件之加工與測試服務銷量增加所致。"
"1150217","11501","3693","營邦","電腦及週邊設備業","480138","635157","781024","-24.406406604981132","-38.524552382513214","480138","781024","-38.524552382513214","-"
"1150217","11501","3707","漢磊","半導體業","503798","502243","403111","0.30961108467415177","24.9774875902667","503798","403111","24.9774875902667","-"
"1150217","11501","3709","鑫聯大投控","電腦及週邊設備業","4786144","3471859","2057122","37.855367974333056","132.66213671333057","4786144","2057122","132.66213671333057","Server CPU、 DRAM、SSD及HDD銷量成長。"
"1150217","11501","3710","連展投控","電子零組件業","674094","603191","607571","11.754651511710222","10.949008428644554","674094","607571","10.949008428644554","-"
"1150217","11501","3713","新晶投控","綠能環保","17431","67971","29768","-74.3552397345927","-41.44383230314432","17431","29768","-41.44383230314432","-"
"1150217","11501","4102","永日","生技醫療業","52296","46440","36931","12.609819121447028","41.60461400991037","52296","36931","41.60461400991037","-"
"1150217","11501","4105","東洋","生技醫療業","561125","641547","482990","-12.535636516108719","16.17735356839686","561125","482990","16.17735356839686","-"
"1150217","11501","4107","邦特","生技醫療業","190670","189639","159611","0.5436645415763635","19.45918514388106","190670","159611","19.45918514388106","-"
"1150217","11501","4109","加捷生醫","生技醫療業","37654","57315","31560","-34.3034109744395","19.309252217997464","37654","31560","19.309252217997464","-"
"1150217","11501","4111","濟生","生技醫療業","133276","119704","107740","11.337966985230235","23.701503619825505","133276","107740","23.701503619825505","-"
"1150217","11501","4113","聯上","建材營造","21714","37361","212610","-41.880570648537244","-89.78693382249189","21714","212610","-89.78693382249189","不動產於過戶時點認列營收，故波動較大。"
"1150217","11501","4114","健喬","生技醫療業","634910","543729","506246","16.76956719248008","25.415311923452236","634910","506246","25.415311923452236","-"
"1150217","11501","4116","明基醫","生技醫療業","493783","499116","411309","-1.0684890887088372","20.051591382634466","493783","411309","20.051591382634466","-"
"1150217","11501","4120","友華","生技醫療業","445452","387224","426715","15.03729107699936","4.3909869585086065","445452","426715","4.3909869585086065","-"
"1150217","11501","4121","優盛","生技醫療業","323839","307102","330959","5.44998078814205","-2.15132387999722","323839","330959","-2.15132387999722","-"
"1150217","11501","4123","晟德","生技醫療業","191292","149940","122295","27.579031612645057","56.41849625904575","191292","122295","56.41849625904575","主係受子公司豐華營收成長，進而推升本月營收。"
"1150217","11501","4126","太醫","生技醫療業","200164","193505","172584","3.44125474793933","15.98062392805822","200164","172584","15.98062392805822","-"
"1150217","11501","4127","天良","生技醫療業","53601","44114","39106","21.50564446660924","37.06592338771544","53601","39106","37.06592338771544","-"
"1150217","11501","4128","中天","生技醫療業","180018","164449","165640","9.467372863319326","8.680270466070997","180018","165640","8.680270466070997","-"
"1150217","11501","4129","聯合","生技醫療業","475485","500098","395978","-4.921635359469544","20.07864073256595","475485","395978","20.07864073256595","-"
"1150217","11501","4130","健亞","生技醫療業","49580","36961","48477","34.141392278347446","2.275305815128824","49580","48477","2.275305815128824","-"
"1150217","11501","4131","浩泰","生技醫療業","17172","24565","22348","-30.095664563403215","-23.160909253624485","17172","22348","-23.160909253624485","-"
"1150217","11501","4138","曜亞","生技醫療業","119222","120963","113368","-1.4392830865636599","5.163714628466587","119222","113368","5.163714628466587","-"
"1150217","11501","4139","馬光-KY","生技醫療業","90408","108614","78474","-16.76211169830777","15.207584677727654","90408","78474","15.207584677727654","公告合併數為公司自結數"
"1150217","11501","4147","中裕","生技醫療業","37883","73326","49819","-48.33619725608924","-23.958730604789338","37883","49819","-23.958730604789338","."
"1150217","11501","4153","鈺緯","生技醫療業","69283","97013","55320","-28.58379804768433","25.240419378163413","69283","55320","25.240419378163413","-"
"1150217","11501","4154","樂威科-KY","其他","1299","6938","2190","-81.27702507927357","-40.68493150684932","1299","2190","-40.68493150684932","-"
"1150217","11501","4157","太景*-KY","生技醫療業","6039","223815","4224","-97.30178942430132","42.96875","6039","4224","42.96875","-"
"1150217","11501","4160","訊聯基因","生技醫療業","47875","79047","41643","-39.434766657811174","14.965300290565041","47875","41643","14.965300290565041","-"
"1150217","11501","4161","聿新科","生技醫療業","74589","74353","53633","0.3174048121797372","39.0729588126713","74589","53633","39.0729588126713","-"
"1150217","11501","4162","智擎","生技醫療業","72186","170534","23415","-57.67061113912768","208.28955797565663","72186","23415","208.28955797565663","115年1月認列再授權收入美金150萬元，114年1月並未發生。"
"1150217","11501","4163","鐿鈦","生技醫療業","253458","205845","182911","23.130510821248997","38.56903084013537","253458","182911","38.56903084013537","-"
"1150217","11501","4166","友霖","生技醫療業","145393","131736","131520","10.366946013238598","10.548205596107056","145393","131520","10.548205596107056","-"
"1150217","11501","4167","松瑞藥","生技醫療業","83862","119731","97777","-29.957989159031495","-14.231363204025486","83862","97777","-14.231363204025486","-"
"1150217","11501","4168","醣聯","生技醫療業","0","4404","0","-100.0","","0","0","","115年1月無營業收入。"
"1150217","11501","4171","瑞基","農業科技","17119","30409","9257","-43.70416652964583","84.9303229988117","17119","9257","84.9303229988117","主係訂單需求增加所致"
"1150217","11501","4173","久裕","生技醫療業","176965","152652","124640","15.927075963629694","41.98090500641849","176965","124640","41.98090500641849","-"
"1150217","11501","4174","浩鼎","生技醫療業","1333","7381","555","-81.94011651537733","140.18018018018017","1333","555","140.18018018018017","潤雅子公司提供CDMO之服務收入於滿足履約義務時認列，本月及本年累計完成履約義務較去年增加"
"1150217","11501","4175","杏一","生技醫療業","644494","817331","629888","-21.14651224534491","2.318824933956513","644494","629888","2.318824933956513","-"
"1150217","11501","4183","福永生技","生技醫療業","27517","44116","36814","-37.62580469670868","-25.253979464334222","27517","36814","-25.253979464334222","-"
"1150217","11501","4188","安克","生技醫療業","2914","1224","2304","138.0718954248366","26.475694444444443","2914","2304","26.475694444444443","本期國內外出貨皆增加，營收較去年同期成長26.48%。"
"1150217","11501","4192","杏國","生技醫療業","2149","2676","1779","-19.69357249626308","20.798201236649803","2149","1779","20.798201236649803","-"
"1150217","11501","4198","欣大健康","生技醫療業","15274","23865","14553","-35.99832390530065","4.954304954304955","15274","14553","4.954304954304955","-"
"1150217","11501","4205","中華食","食品工業","173777","189595","178851","-8.343047021282207","-2.8369983953122992","173777","178851","-2.8369983953122992","-"
"1150217","11501","4207","環泰","食品工業","495326","423481","422493","16.96534201062149","17.238865495996382","495326","422493","17.238865495996382","-"
"1150217","11501","4303","信立","塑膠工業","82925","65013","63992","27.551412794364204","29.58651081385173","82925","63992","29.58651081385173","-"
"1150217","11501","4304","勝昱","塑膠工業","25027","42507","34196","-41.122638624226596","-26.813077552930167","25027","34196","-26.813077552930167","-"
"1150217","11501","4305","世坤","塑膠工業","95641","84541","73762","13.129724039223571","29.66161438138879","95641","73762","29.66161438138879","-"
"1150217","11501","4401","東隆興","紡織纖維","325432","279350","223081","16.49615178091999","45.880644250294736","325432","223081","45.880644250294736","-"
"1150217","11501","4402","郡都開發","紡織纖維","1853","2219","2521","-16.493916178458765","-26.497421658072195","1853","2521","-26.497421658072195","-"
"1150217","11501","4406","新昕纖","紡織纖維","38958","37183","37066","4.7736868999273865","5.104408352668213","38958","37066","5.104408352668213","-"
"1150217","11501","4413","飛寶企業","紡織纖維","67093","108986","25476","-38.438882058246016","163.3576699638876","67093","25476","163.3576699638876","因訂單陸續於本月出貨，致使本月營收較去年同期增加"
"1150217","11501","4416","三圓","建材營造","70347","668244","7879","-89.47285721981791","792.8417311841604","70347","7879","792.8417311841604","出售土地"
"1150217","11501","4417","金洲","紡織纖維","322651","306063","305154","5.419799191669689","5.733826199230553","322651","305154","5.733826199230553","-"
"1150217","11501","4419","皇家美食","觀光餐旅","226271","209682","256689","7.911504087141481","-11.850137715289708","226271","256689","-11.850137715289708","-"
"1150217","11501","4420","光明","紡織纖維","75075","94177","69568","-20.28308398016501","7.9159958601655935","75075","69568","7.9159958601655935","-"
"1150217","11501","4430","耀億","其他","244614","158808","209954","54.03128305878797","16.508378025662765","244614","209954","16.508378025662765","-"
"1150217","11501","4432","銘旺實","紡織纖維","89402","76881","156235","16.286208556080176","-42.77722661375492","89402","156235","-42.77722661375492","-"
"1150217","11501","4433","興采","紡織纖維","278459","608689","224529","-54.25266433268878","24.01916901602911","278459","224529","24.01916901602911","-"
"1150217","11501","4442","竣邦-KY","紡織纖維","112346","202709","137199","-44.577695119604954","-18.114563517226802","112346","137199","-18.114563517226802","-"
"1150217","11501","4502","健信","電機機械","80533","80550","75743","-0.02110490378646803","6.324016740820934","80533","75743","6.324016740820934","-"
"1150217","11501","4503","金雨","電機機械","40962","40576","34481","0.951301261829653","18.79585858878803","40962","34481","18.79585858878803","-"
"1150217","11501","4506","崇友","電機機械","659335","375083","596731","75.78375986115073","10.491159333099839","659335","596731","10.491159333099839","上列為本公司自結數"
"1150217","11501","4510","高鋒","電機機械","142530","176601","102793","-19.292642737017346","38.65730156722734","142530","102793","38.65730156722734","-"
"1150217","11501","4513","福裕","電機機械","83606","114080","66601","-26.712833099579242","25.532649659915016","83606","66601","25.532649659915016","-"
"1150217","11501","4523","永彰","電機機械","211809","40598","47845","421.7227449628061","342.69829658271505","211809","47845","342.69829658271505","主係專案結案與認列工程營收所致"
"1150217","11501","4527","方方土霖","電機機械","180285","580681","175326","-68.95283296680967","2.8284452961910955","180285","175326","2.8284452961910955","-"
"1150217","11501","4528","江興鍛","電機機械","143809","155923","139369","-7.769219422407214","3.185787370218628","143809","139369","3.185787370218628","-"
"1150217","11501","4529","淳紳","其他","318","328","437","-3.048780487804878","-27.23112128146453","318","437","-27.23112128146453","-"
"1150217","11501","4530","宏易","觀光餐旅","23466","74793","25705","-68.62540612089367","-8.710367632756274","23466","25705","-8.710367632756274","係為本公司自結數"
"1150217","11501","4533","協易機","電機機械","345624","383165","478805","-9.797606775149088","-27.81529014943453","345624","478805","-27.81529014943453","-"
"1150217","11501","4534","慶騰","電機機械","88015","99101","74184","-11.186567239482951","18.64418203386175","88015","74184","18.64418203386175","-"
"1150217","11501","4535","至興","電機機械","243338","213972","222381","13.724225599611165","9.423916611581026","243338","222381","9.423916611581026","-"
"1150217","11501","4538","大詠城","電機機械","33769","34218","15160","-1.312174878718803","122.75065963060686","33769","15160","122.75065963060686","主要受到去年低基期效應影響"
"1150217","11501","4541","晟田","其他","177448","178601","96579","-0.6455730930957834","83.73352385094068","177448","96579","83.73352385094068","本月份營收較去年同期增加，主係因客戶需求增加所致。"
"1150217","11501","4542","科嶠","電子零組件業","59588","48626","30300","22.543495249455024","96.66006600660066","59588","30300","96.66006600660066","得益於市場需求暢旺及訂單量穩健增長，本期機台出貨與驗收工作進展順利，產能交付效率的提升直接帶動營收較去年大幅成長。"
"1150217","11501","4543","萬在","電機機械","84163","81685","46675","3.033604700985493","80.31708623460096","84163","46675","80.31708623460096","去年受農曆春節假期影響，天作天數較少。"
"1150217","11501","4549","桓達","電機機械","94428","90833","84398","3.957812689220878","11.88416787127657","94428","84398","11.88416787127657","-"
"1150217","11501","4550","長佳","電機機械","104841","134117","49384","-21.828701805140287","112.29750526486312","104841","49384","112.29750526486312","配合業主工程進度,可認列收入較多所致."
"1150217","11501","4554","橙的","其他電子業","34696","35666","37188","-2.719677003308473","-6.70108637194794","34696","37188","-6.70108637194794","-"
"1150217","11501","4556","旭然","其他","60478","61849","46160","-2.2166890329673885","31.018197573656845","60478","46160","31.018197573656845","-"
"1150217","11501","4558","寶緯","電機機械","101456","88719","109717","14.356563982912341","-7.529371018164915","101456","109717","-7.529371018164915","-"
"1150217","11501","4561","健椿","電機機械","87281","58193","49762","49.98539343219975","75.39688919255657","87281","49762","75.39688919255657","本月營收較去年同期增加，主要係因去年同期逢農曆春節假期工作天數較短，出貨量增加所致"
"1150217","11501","4563","百德","電機機械","143729","301361","217953","-52.30670192891582","-34.055048565516415","143729","217953","-34.055048565516415","-"
"1150217","11501","4568","科際精密","電機機械","105619","110434","134164","-4.360070268214499","-21.276199278494975","105619","134164","-21.276199278494975","-"
"1150217","11501","4577","達航科技","其他電子業","66525","109069","56942","-39.00650047217816","16.829405359839836","66525","56942","16.829405359839836","無。"
"1150217","11501","4580","捷流閥業","電機機械","195090","191168","184761","2.05159859390693","5.590465520320847","195090","184761","5.590465520320847","-"
"1150217","11501","4584","君帆","電機機械","97835","95911","116948","2.0060264203271783","-16.343161063036565","97835","116948","-16.343161063036565","-"
"1150217","11501","4609","唐鋒","居家生活","8219","6006","12697","36.84648684648685","-35.268173584311256","8219","12697","-35.268173584311256","-"
"1150217","11501","4702","中美實","居家生活","11709","1427","8865","720.5325858444289","32.08121827411168","11709","8865","32.08121827411168","-"
"1150217","11501","4706","大恭","化學工業","100922","109512","81461","-7.843889254145664","23.889959612575343","100922","81461","23.889959612575343","-"
"1150217","11501","4707","磐亞","化學工業","128378","82870","87873","54.914926994087125","46.09493245934473","128378","87873","46.09493245934473","-"
"1150217","11501","4711","永純","化學工業","82125","71472","44172","14.905137676292814","85.92094539527302","82125","44172","85.92094539527302","去年同期適逢春節期間,營收同步受影響;今年加上外銷客戶需求增加,故本月營收成長較多"
"1150217","11501","4714","永捷","化學工業","237491","201172","98442","18.053705287018072","141.24966985636212","237491","98442","141.24966985636212","原因：主要是增加營建收入"
"1150217","11501","4716","大立","化學工業","39365","42935","28574","-8.314894608128567","37.76510114089732","39365","28574","37.76510114089732","-"
"1150217","11501","4721","美琪瑪","化學工業","274929","144003","209711","90.9189391887669","31.098988608132142","274929","209711","31.098988608132142","-"
"1150217","11501","4726","永昕","生技醫療業","45660","127307","45232","-64.13394393081292","0.946232755571277","45660","45232","0.946232755571277","-"
"1150217","11501","4728","雙美","生技醫療業","224413","179092","201538","25.30598798382954","11.350216832557631","224413","201538","11.350216832557631","-"
"1150217","11501","4729","熒茂","光電業","88731","79681","87157","11.357789184372686","1.8059364135984488","88731","87157","1.8059364135984488","-"
"1150217","11501","4735","豪展","生技醫療業","60623","104654","69783","-42.07292602289449","-13.12640614476305","60623","69783","-13.12640614476305","-"
"1150217","11501","4741","泓瀚","化學工業","39776","49102","43242","-18.993116370005296","-8.015355441468943","39776","43242","-8.015355441468943","-"
"1150217","11501","4743","合一","生技醫療業","12779","30620","7677","-58.265839320705425","66.45825192132344","12779","7677","66.45825192132344","本月及本年營收增加，主係客戶需求增加所致。"
"1150217","11501","4744","皇將","生技醫療業","66271","363082","31131","-81.74764929134466","112.8778388101892","66271","31131","112.8778388101892","本期銷售組合較多連線設備，導致營收增加。"
"1150217","11501","4745","合富-KY","生技醫療業","238109","271253","265168","-12.218851035748914","-10.204474144693176","238109","265168","-10.204474144693176","-"
"1150217","11501","4747","強生製藥","生技醫療業","58358","50751","59072","14.988867214439125","-1.208694474539545","58358","59072","-1.208694474539545","-"
"1150217","11501","4749","新應材","半導體業","366958","360554","315982","1.7761555827975837","16.13256451316847","366958","315982","16.13256451316847","-"
"1150217","11501","4754","國碳科","化學工業","59762","47512","63451","25.78296009429197","-5.8139351625663895","59762","63451","-5.8139351625663895","-"
"1150217","11501","4760","勤凱科技","其他電子業","209318","195386","126050","7.130500649995394","66.05950019833399","209318","126050","66.05950019833399","本月較去年同月份出貨量增加"
"1150217","11501","4767","誠泰科技","化學工業","77835","84175","99262","-7.531927531927532","-21.586306945255988","77835","99262","-21.586306945255988","-"
"1150217","11501","4768","晶呈科技","化學工業","164468","283402","50040","-41.966535169123716","228.6730615507594","164468","50040","228.6730615507594","本月營收較去年同期增加乃因客戶需求增加"
"1150217","11501","4772","台特化","化學工業","288134","315615","70385","-8.707127354530044","309.3684733963202","288134","70385","309.3684733963202","合併弘潔科技營業收入"
"1150217","11501","4804","大略-KY","觀光餐旅","9045","9902","7794","-8.654817208644719","16.05080831408776","9045","7794","16.05080831408776","-"
"1150217","11501","4806","桂田文創","文化創意業","23750","14637","7816","62.26002596160416","203.86386898669397","23750","7816","203.86386898669397","各業務團隊的整合開始發揮綜效，形塑娛樂產業一條龍的完整服務架構。"
"1150217","11501","4903","聯光通","通信網路業","125609","94757","47059","32.55907215298078","166.9181240570348","125609","47059","166.9181240570348","本月合併營收較去年增加，主係本期母子公司工程合約收入皆較去年同期增加所致。"
"1150217","11501","4905","台聯電","通信網路業","81734","71168","59175","14.84656025179856","38.122517955217575","81734","59175","38.122517955217575","-"
"1150217","11501","4907","富宇","建材營造","0","2","331869","-100.0","-100.0","0","331869","-100.0","無建案入帳"
"1150217","11501","4908","前鼎","通信網路業","97096","60958","58183","59.28344105777749","66.88036024268257","97096","58183","66.88036024268257","主要係受客戶訂單需求增加影響"
"1150217","11501","4909","新復興","通信網路業","19509","16312","49284","19.5990681706719","-60.41514487460434","19509","49284","-60.41514487460434","1.去年基期高 2.主要5G天線客戶訂單減少"
"1150217","11501","4911","德英","生技醫療業","10733","22831","27420","-52.98935657658447","-60.85703865791393","10733","27420","-60.85703865791393","公司行銷團隊建置中"
"1150217","11501","4923","力士","半導體業","80107","80367","60020","-0.3235158709420533","33.46717760746418","80107","60020","33.46717760746418","-"
"1150217","11501","4924","欣厚-KY","電腦及週邊設備業","92515","74661","65549","23.913422000776844","41.13869014020046","92515","65549","41.13869014020046","-"
"1150217","11501","4931","新盛力","電腦及週邊設備業","289976","244372","203791","18.66171247115054","42.29087643713412","289976","203791","42.29087643713412","-"
"1150217","11501","4933","友輝","光電業","270441","266832","223005","1.3525364274150027","21.271271944575233","270441","223005","21.271271944575233","-"
"1150217","11501","4939","亞電","電子零組件業","129684","121171","109117","7.025608437662477","18.84857538238771","129684","109117","18.84857538238771","-"
"1150217","11501","4946","辣椒","文化創意業","17876","17675","29306","1.1371994342291372","-39.00225209854637","17876","29306","-39.00225209854637","-"
"1150217","11501","4950","金耘國際","鋼鐵工業","90061","81033","79835","11.14114002937075","12.808918394188012","90061","79835","12.808918394188012","-"
"1150217","11501","4951","精拓科","半導體業","43287","43763","43461","-1.0876768046066312","-0.40035894250017257","43287","43461","-0.40035894250017257","-"
"1150217","11501","4953","緯軟","資訊服務業","1139175","1172538","845883","-2.845366205615511","34.67288029195527","1139175","845883","34.67288029195527","-"
"1150217","11501","4966","譜瑞-KY","半導體業","1297442","1483952","1448856","-12.568465826387916","-10.4505899827174","1297442","1448856","-10.4505899827174","-"
"1150217","11501","4971","IET-KY","半導體業","111469","110334","98422","1.0286946906665217","13.256182560809576","111469","98422","13.256182560809576","-"
"1150217","11501","4972","湯石照明","光電業","88948","123025","86396","-27.69924812030075","2.953840455576647","88948","86396","2.953840455576647","-"
"1150217","11501","4973","廣穎電通","半導體業","664813","399592","370142","66.37295040941761","79.61025768488851","664813","370142","79.61025768488851","本月營收較去年同期增加係因市場價格上漲所致"
"1150217","11501","4974","亞泰","電子零組件業","371666","237671","399603","56.378354952855","-6.991188754839178","371666","399603","-6.991188754839178","-"
"1150217","11501","4979","華星光","通信網路業","412324","421117","325106","-2.0880182942032737","26.827557781154454","412324","325106","26.827557781154454","-"
"1150217","11501","4987","科誠","電腦及週邊設備業","99422","142423","75106","-30.192454870350996","32.37557585279472","99422","75106","32.37557585279472","-"
"1150217","11501","4991","環宇-KY","半導體業","220658","232221","86200","-4.979308503537578","155.98375870069606","220658","86200","155.98375870069606","延續去年走勢，自有光電元件產品的AI數據中心客戶需求持續成長，晶圓代工訂單需求亦持續穩健，致本月銷量較去年同期增加156%。"
"1150217","11501","4995","晶達","光電業","125477","149071","107855","-15.827357433706087","16.338602753697092","125477","107855","16.338602753697092","-"
"1150217","11501","5009","榮剛","鋼鐵工業","1044144","952642","958988","9.605077248326234","8.879777432042946","1044144","958988","8.879777432042946","-"
"1150217","11501","5011","久陽","鋼鐵工業","374438","368136","454755","1.7118673533694069","-17.66159800332047","374438","454755","-17.66159800332047","-"
"1150217","11501","5013","強新","鋼鐵工業","702602","633642","552160","10.883116965100166","27.246088090408577","702602","552160","27.246088090408577","-"
"1150217","11501","5014","建錩","鋼鐵工業","1464421","1550270","856671","-5.537680533068433","70.9432209097775","1464421","856671","70.9432209097775","因去年春節假期影響所致，去年同期營業天數較今年少，另外國際鎳價回升、上游盤價調漲使得鋼價較去年同期上漲，致銷量及價格增加"
"1150217","11501","5015","華祺","鋼鐵工業","83116","108930","132139","-23.697787569999083","-37.09956939283633","83116","132139","-37.09956939283633","-"
"1150217","11501","5016","松和","鋼鐵工業","152815","155500","151017","-1.7266881028938907","1.1905944363879564","152815","151017","1.1905944363879564","-"
"1150217","11501","5201","凱衛","資訊服務業","23928","30296","16009","-21.019276472141538","49.46592541695296","23928","16009","49.46592541695296","-"
"1150217","11501","5202","力新","資訊服務業","11807","14547","9456","-18.835498728260124","24.862521150592215","11807","9456","24.862521150592215","-"
"1150217","11501","5205","中茂","綠能環保","5069","2330","1665","117.55364806866953","204.44444444444446","5069","1665","204.44444444444446","係因本期環保綠能收入較同期增加"
"1150217","11501","5206","坤悅","建材營造","27020","8578","0","214.99183958964792","","27020","0","","本期營業收入較去年同期增加，主要係因本期「心里程」餘屋過戶認列收入所致。"
"1150217","11501","5209","新鼎","其他","299287","577241","371869","-48.15215828397498","-19.518163654405182","299287","371869","-19.518163654405182","-"
"1150217","11501","5210","寶碩","資訊服務業","21184","40949","18043","-48.267356956213824","17.408413235049604","21184","18043","17.408413235049604","-"
"1150217","11501","5211","蒙恬","資訊服務業","17183","19272","11067","-10.8395599833956","55.26339568085299","17183","11067","55.26339568085299","3D 建模服務較去年同期有所成長"
"1150217","11501","5212","凌網","資訊服務業","91519","227546","61036","-59.78000052736589","49.9426567927125","91519","61036","49.9426567927125","-"
"1150217","11501","5213","亞昕","建材營造","302521","6845037","661098","-95.58043294725799","-54.23961349149445","302521","661098","-54.23961349149445","餘屋及租金收入"
"1150217","11501","5220","萬達光電","光電業","112846","42760","74549","163.90551917680074","51.371581107727806","112846","74549","51.371581107727806","係因部份訂單遞延交貨及新訂單挹注"
"1150217","11501","5223","安力-KY","電腦及週邊設備業","177832","200120","154063","-11.137317609434339","15.428104087288967","177832","154063","15.428104087288967","-"
"1150217","11501","5227","立凱-KY","電子零組件業","9911","27748","67648","-64.28211042237278","-85.34916035950805","9911","67648","-85.34916035950805","因需求減少，營業收入減少"
"1150217","11501","5228","鈺鎧","電子零組件業","65786","53604","33880","22.72591597641967","94.17355371900827","65786","33880","94.17355371900827","訂單回溫"
"1150217","11501","5230","雷笛克光學","光電業","116782","118126","82723","-1.1377681458781301","41.17234626403781","116782","82723","41.17234626403781","-"
"1150217","11501","5236","凌陽創新","半導體業","200178","179276","168072","11.659117784868025","19.102527488219334","200178","168072","19.102527488219334","-"
"1150217","11501","5245","智晶","光電業","70718","60422","69987","17.040150938399922","1.0444796890851158","70718","69987","1.0444796890851158","-"
"1150217","11501","5251","天鉞電","光電業","25031","21721","38786","15.238709083375536","-35.46382715412778","25031","38786","-35.46382715412778","-"
"1150217","11501","5263","智崴","文化創意業","84291","150521","83279","-44.00050491293574","1.2151923053831097","84291","83279","1.2151923053831097","-"
"1150217","11501","5272","笙科","半導體業","22430","23008","26422","-2.5121696801112656","-15.108621603209446","22430","26422","-15.108621603209446","-"
"1150217","11501","5274","信驊","半導體業","900364","872214","700869","3.2274189591086593","28.463949753805633","900364","700869","28.463949753805633","-"
"1150217","11501","5276","達輝-KY","其他","83484","85632","80895","-2.508408071748879","3.2004450213239384","83484","80895","3.2004450213239384","-"
"1150217","11501","5278","尚凡*","數位雲端","195324","242839","155548","-19.56646172978805","25.571527759919768","195324","155548","25.571527759919768","-"
"1150217","11501","5287","數字","數位雲端","189222","195481","179160","-3.201845703674526","5.616208975217683","189222","179160","5.616208975217683","-"
"1150217","11501","5289","宜鼎","電腦及週邊設備業","3331472","1813153","818323","83.73915494169549","307.10966207719935","3331472","818323","307.10966207719935","本月營收及本年累計營收較去年同期增加係因出貨量增加及銷售單價上漲所致"
"1150217","11501","5291","邑昇","電子零組件業","120711","87024","89899","38.710011031439606","34.27401862089678","120711","89899","34.27401862089678","-"
"1150217","11501","5299","杰力","半導體業","130363","106514","142237","22.390483880053328","-8.348038836589636","130363","142237","-8.348038836589636","-"
"1150217","11501","5301","寶得利","觀光餐旅","18964","28804","15460","-34.16192195528399","22.664941785252264","18964","15460","22.664941785252264","-"
"1150217","11501","5302","太欣","半導體業","2432","2072","596","17.374517374517374","308.0536912751678","2432","596","308.0536912751678","本月營收較去年同期成長主要係提供技術服務予關係人。"
"1150217","11501","5309","系統電","電子零組件業","284984","316150","266503","-9.857978807528072","6.934631129855949","284984","266503","6.934631129855949","-"
"1150217","11501","5310","天剛","資訊服務業","84","9","3","833.3333333333334","2700.0","84","3","2700.0","本月營收增加係因資訊系統整合業務銷售量較去年同期增加所致"
"1150217","11501","5312","寶島科","生技醫療業","376472","396882","336925","-5.142586461467136","11.737627068338652","376472","336925","11.737627068338652","元月營收創同期歷史新高"
"1150217","11501","5314","世紀*","其他","489861","422755","134058","15.873496469586403","265.4097480195139","489861","134058","265.4097480195139","本月主要成長係生技產品營收增加及子公司營收增加，致本月及本年度營收較去年同期增加。"
"1150217","11501","5315","光聯","光電業","167121","161232","150715","3.6525007442691275","10.885446040540092","167121","150715","10.885446040540092","-"
"1150217","11501","5321","美而快","數位雲端","213985","230018","297245","-6.970324061595179","-28.010563676428536","213985","297245","-28.010563676428536","-"
"1150217","11501","5324","士開","建材營造","58248","304583","118680","-80.87614870166753","-50.9201213346815","58248","118680","-50.9201213346815","係去年同期有建案成屋出售認列收入所致。"
"1150217","11501","5328","華容","電子零組件業","90493","80945","66829","11.79566372228056","35.409777192536176","90493","66829","35.409777192536176","-"
"1150217","11501","5340","建榮","電子零組件業","212486","195660","151399","8.599611571092712","40.3483510459118","212486","151399","40.3483510459118","-"
"1150217","11501","5344","立衛","半導體業","31611","31434","21291","0.5630845581217789","48.47118500774975","31611","21291","48.47118500774975","-"
"1150217","11501","5345","馥鴻","其他","1453","5393","578","-73.05766734656035","151.3840830449827","1453","578","151.3840830449827","主係產品線成熟且結合經銷商銷售動能，導致較去年同期增加。"
"1150217","11501","5347","世界","半導體業","4011598","4929682","3388946","-18.623594787655673","18.373028074215405","4011598","3388946","18.373028074215405","-"
"1150217","11501","5348","正能量智能","運動休閒","19336","30245","16566","-36.06877169780129","16.72099480864421","19336","16566","16.72099480864421","-"
"1150217","11501","5351","鈺創","半導體業","763717","624027","194975","22.38524935619773","291.6999615335299","763717","194975","291.6999615335299","本月營收及本年累計營收皆較去年同期增加，主係市場需求增加所致。"
"1150217","11501","5353","台林","通信網路業","132148","178292","149003","-25.881138806003634","-11.311852781487621","132148","149003","-11.311852781487621","-"
"1150217","11501","5355","佳總","電子零組件業","46634","39202","35268","18.95821641752972","32.22751502778723","46634","35268","32.22751502778723","-"
"1150217","11501","5356","協益","電腦及週邊設備業","225207","262175","318816","-14.100505387622771","-29.361449864498645","225207","318816","-29.361449864498645","-"
"1150217","11501","5364","力麗店","觀光餐旅","19788","25547","25420","-22.54276431674952","-22.155782848151063","19788","25420","-22.155782848151063","-"
"1150217","11501","5371","中光電","光電業","3206189","4056903","2855500","-20.96954253034889","12.28117667658904","3206189","2855500","12.28117667658904","-"
"1150217","11501","5381","光譜","電子零組件業","229854","171072","361788","34.36097081930415","-36.46721284288036","229854","361788","-36.46721284288036","-"
"1150217","11501","5386","青雲","電腦及週邊設備業","2461029","779495","485594","215.7209475365461","406.8079506748436","2461029","485594","406.8079506748436","本期及累計營收增加主要係記憶體模組漲價效益及缺貨加速客戶訂單交貨所致"
"1150217","11501","5392","能率","光電業","784461","797442","649370","-1.6278299863814547","20.803394058857045","784461","649370","20.803394058857045","-"
"1150217","11501","5398","慕康生醫","其他","11492","9770","9053","17.625383828045035","26.941345410361205","11492","9053","26.941345410361205","-"
"1150217","11501","5403","中菲","資訊服務業","319329","468138","251579","-31.787421657716315","26.929910684119104","319329","251579","26.929910684119104","-"
"1150217","11501","5410","國眾","資訊服務業","458858","398647","308504","15.103838734519512","48.7364831574307","458858","308504","48.7364831574307","-"
"1150217","11501","5425","台半","半導體業","1465010","1526156","1433990","-4.006536684323228","2.163195001359842","1465010","1433990","2.163195001359842","-"
"1150217","11501","5426","振發","電腦及週邊設備業","230639","163384","178301","41.163761445429174","29.353733293699978","230639","178301","29.353733293699978","-"
"1150217","11501","5432","新門","綠能環保","14301","18371","5708","-22.154482608458984","150.54309740714785","14301","5708","150.54309740714785","營收變動比超過50%，係因交貨較去年同期增加。"
"1150217","11501","5438","東友","電腦及週邊設備業","56741","104612","83509","-45.76052460520781","-32.05403010453963","56741","83509","-32.05403010453963","-"
"1150217","11501","5439","高技","電子零組件業","804983","754947","350741","6.627750027485373","129.50923901112216","804983","350741","129.50923901112216","115年1月營收淨額較去年同期增加454,242仟元，因客戶需求增加"
"1150217","11501","5443","均豪","半導體業","269435","555159","284859","-51.46705718541895","-5.414608630936709","269435","284859","-5.414608630936709","-"
"1150217","11501","5450","南良","其他","219841","232829","176256","-5.578342904019689","24.728236201888162","219841","176256","24.728236201888162","-"
"1150217","11501","5452","佶優","其他電子業","396502","356954","445108","11.0792987331701","-10.920046370768443","396502","445108","-10.920046370768443","-"
"1150217","11501","5455","昇益","建材營造","271","265","249246","2.2641509433962264","-99.89127207658298","271","249246","-99.89127207658298","本年營收較去年減少係因去年個案交屋認列收入，故與去年同期營收相比較變動減少幅度較大。"
"1150217","11501","5457","宣德","電子零組件業","1842987","2043220","1897131","-9.799874707569424","-2.8539937410753398","1842987","1897131","-2.8539937410753398","-"
"1150217","11501","5460","同協","電子零組件業","23195","20070","15262","15.570503238664674","51.97877080330232","23195","15262","51.97877080330232","本月營收較去年同月變動超過50%，係因去年1月遇春節假期，營業日較少所致。"
"1150217","11501","5464","霖宏","電子零組件業","103499","86436","89573","19.74061733536952","15.547095664988333","103499","89573","15.547095664988333","-"
"1150217","11501","5465","富驊","電腦及週邊設備業","525950","338143","516595","55.540703193619265","1.8108963501388902","525950","516595","1.8108963501388902","-"
"1150217","11501","5468","凱鈺","半導體業","11145","10909","9678","2.163351361261344","15.158090514569126","11145","9678","15.158090514569126","-"
"1150217","11501","5474","聰泰","電腦及週邊設備業","119327","106567","105197","11.973687914645247","13.431941975531622","119327","105197","13.431941975531622","-"
"1150217","11501","5475","德宏","電子零組件業","100403","112616","49771","-10.84481778788094","101.72992304755782","100403","49771","101.72992304755782","市場價格及需求數量上漲"
"1150217","11501","5478","智冠","文化創意業","584671","620849","580576","-5.8271818107140385","0.7053340131180069","584671","580576","0.7053340131180069","因IFRS15，MyCard屬代理性質營收採淨額，若總額本期為30.45億，較上期減少0.13%，較去年同期增加19.11%"
"1150217","11501","5481","新華","其他","8557","7256","7971","17.929988974641677","7.351649730272237","8557","7971","7.351649730272237","-"
"1150217","11501","5483","中美晶","半導體業","5897140","7186680","5971668","-17.943473203203705","-1.2480265145349674","5897140","5971668","-1.2480265145349674","-"
"1150217","11501","5487","通泰","半導體業","11265","14243","12442","-20.908516464228043","-9.459893907731876","11265","12442","-9.459893907731876","-"
"1150217","11501","5488","松普","電子零組件業","106829","73623","63656","45.10275321570705","67.82235767248963","106829","63656","67.82235767248963","係因去年同期為春節假期出貨天數較少。"
"1150217","11501","5489","彩富","其他電子業","115663","187141","115232","-38.19473017671168","0.3740280477645099","115663","115232","0.3740280477645099","-"
"1150217","11501","5490","同亨","電腦及週邊設備業","143960","117628","129272","22.385826503893632","11.362089238195432","143960","129272","11.362089238195432","-"
"1150217","11501","5493","三聯","其他電子業","457887","550542","360362","-16.829778654489576","27.063064363057148","457887","360362","27.063064363057148","-"
"1150217","11501","5498","凱崴","電子零組件業","145756","145655","94086","0.06934193814149875","54.917841124077974","145756","94086","54.917841124077974","主係鑽針收入成長，因AI產品暢旺，對鑽針的消耗大幅增加，鑽針需求量及價格皆有所提升。"
"1150217","11501","5508","永信建","建材營造","128300","342581","119802","-62.54900300950724","7.093370728368475","128300","119802","7.093370728368475","-"
"1150217","11501","5511","德昌","建材營造","753148","1742497","592191","-56.77765872767643","27.179913237452105","753148","592191","27.179913237452105","-"
"1150217","11501","5512","力麒","建材營造","454217","952776","436727","-52.326989764645624","4.004790177845656","454217","436727","4.004790177845656","-"
"1150217","11501","5514","三豐","建材營造","33508","481","482","6866.320166320166","6851.867219917012","33508","482","6851.867219917012","本月營收及本年累計因認列委建收入，致使較去年同期增加"
"1150217","11501","5516","雙喜","建材營造","144613","472792","99294","-69.41297653090577","45.64122706306524","144613","99294","45.64122706306524","-"
"1150217","11501","5520","力泰","建材營造","367292","376830","316675","-2.531114826314253","15.983895160653667","367292","316675","15.983895160653667","-"
"1150217","11501","5523","豐謙","建材營造","389","376","385","3.4574468085106385","1.0389610389610389","389","385","1.0389610389610389","本月營收僅認列租賃收入所致。"
"1150217","11501","5529","鉅陞","建材營造","208838","901620","5639","-76.83747033118165","3603.4580599397054","208838","5639","3603.4580599397054","增減百分比達50％之原因：主係因本月認列交屋收入"
"1150217","11501","5530","龍巖","其他","361869","335287","334193","7.928133211248871","8.281442160667638","361869","334193","8.281442160667638","-"
"1150217","11501","5536","聖暉*","其他電子業","3666241","4047885","2641579","-9.428232274385266","38.789754158402985","3666241","2641579","38.789754158402985","-"
"1150217","11501","5543","桓鼎-KY","建材營造","301375","286302","314431","5.2647204699932235","-4.1522623405453025","301375","314431","-4.1522623405453025","-"
"1150217","11501","5547","久舜","建材營造","189340","232442","194661","-18.54312043434491","-2.7334699811467114","189340","194661","-2.7334699811467114","-"
"1150217","11501","5548","安倉","建材營造","272020","248289","139420","9.557813676804047","95.10830583847368","272020","139420","95.10830583847368","部分工案進入施作高峰期所致"
"1150217","11501","5601","台聯櫃","航運業","7805","8155","7753","-4.291845493562231","0.6707081129885206","7805","7753","0.6707081129885206","-"
"1150217","11501","5603","陸海","航運業","132156","112176","139632","17.811296534017973","-5.3540735647989","132156","139632","-5.3540735647989","-"
"1150217","11501","5604","中連","其他","13662","13483","13138","1.3275977156419194","3.988430506926473","13662","13138","3.988430506926473","-"
"1150217","11501","5609","中菲行","航運業","2352496","2620656","2297665","-10.232552460147383","2.386379215420873","2352496","2297665","2.386379215420873","-"
"1150217","11501","5701","劍湖山","觀光餐旅","42048","56510","44036","-25.591930631746592","-4.5144881460623125","42048","44036","-4.5144881460623125","-"
"1150217","11501","5703","亞都麗緻","觀光餐旅","43918","59424","45028","-26.093834141087775","-2.4651328062538864","43918","45028","-2.4651328062538864","-"
"1150217","11501","5704","老爺知","觀光餐旅","44343","43912","34910","0.9815084714884315","27.020910913778287","44343","34910","27.020910913778287","-"
"1150217","11501","5864","致和證","金融業","1482121","425395","17137","248.41053608998695","8548.660792437417","1482121","17137","8548.660792437417","主要係營業證券評價故"
"1150217","11501","5878","台名","金融業","81128","88307","76003","-8.129593350470518","6.743154875465442","81128","76003","6.743154875465442","-"
"1150217","11501","5902","德記","居家生活","209182","152340","231588","37.31259025863201","-9.674939979618978","209182","231588","-9.674939979618978","-"
"1150217","11501","5903","全家","居家生活","9376217","9670404","8867118","-3.0421376397511417","5.741425793589304","9376217","8867118","5.741425793589304","-"
"1150217","11501","5904","寶雅","居家生活","2374904","2254984","2419796","5.317997821714035","-1.855197710881413","2374904","2419796","-1.855197710881413","-"
"1150217","11501","5905","南仁湖","觀光餐旅","76068","83512","88494","-8.913689050675352","-14.04162994101295","76068","88494","-14.04162994101295","-"
"1150217","11501","6015","宏遠證","金融業","418612","215025","128078","94.68061853272876","226.84145598775746","418612","128078","226.84145598775746","本月份因經紀手續費收入及部位操作和評價損益均較去年同期增加所致"
"1150217","11501","6016","康和證","金融業","1227087","560616","487237","118.88190847210925","151.84602154598275","1227087","487237","151.84602154598275","主係本月自營交易利益較去年同期增加。"
"1150217","11501","6020","大展證","金融業","159278","14072","-4258","1031.878908470722","3840.676373884453","159278","-4258","3840.676373884453","自營部門營業證券出售淨利益本月及本年累積較去年同期增加"
"1150217","11501","6021","美好證","金融業","495149","270232","146918","83.23107552029367","237.0240542343348","495149","146918","237.0240542343348","主係本月營業證券評價利益相較去年同期上升，故營業收入增加。"
"1150217","11501","6023","元大期貨","金融業","405436","291451","272051","39.10949010296756","49.02940992681519","405436","272051","49.02940992681519","-"
"1150217","11501","6026","福邦證","金融業","32246","151508","226630","-78.71663542519207","-85.77152186383091","32246","226630","-85.77152186383091","本月較同期減幅達 86%，主要係營業證券出售及評價之金額差異所致。"
"1150217","11501","6101","寬魚國際","文化創意業","12339","19177","5180","-35.65729780466184","138.2046332046332","12339","5180","138.2046332046332","本期營收較去年同期增加,係因為本期有認列F☆Forever巡迴演唱會成都站製作費收入所致。"
"1150217","11501","6103","合邦","半導體業","8855","8265","7634","7.138535995160314","15.994236311239193","8855","7634","15.994236311239193","-"
"1150217","11501","6104","創惟","半導體業","361304","348170","333391","3.7722951431771836","8.372451565879103","361304","333391","8.372451565879103","-"
"1150217","11501","6109","亞元","通信網路業","85293","76166","47853","11.983037050652522","78.239608801956","85293","47853","78.239608801956","因產品通過客戶測試，依客戶需求陸續出貨，及114年1月遇農曆春節假期營業日較少，故115年1月營收較去年度同期增加。"
"1150217","11501","6111","光聚晶電","文化創意業","1083057","1107855","534731","-2.2383795713337937","102.54239982346265","1083057","534731","102.54239982346265","新增子公司光罩(股票代號:2338)營收"
"1150217","11501","6113","亞矽","電子通路業","76236","44401","38169","71.69883561181055","99.73276742906548","76236","38169","99.73276742906548","光纖網路產品需求大幅增加所致"
"1150217","11501","6114","久威","電子零組件業","76249","51940","85690","46.80207932229496","-11.017621659470183","76249","85690","-11.017621659470183","-"
"1150217","11501","6118","建達","電子通路業","1068832","921639","681417","15.970786826512333","56.85431974840663","1068832","681417","56.85431974840663","主要係代理新的品牌及專案出貨認列營收所致。"
"1150217","11501","6121","新普","電腦及週邊設備業","5941122","7868588","5762311","-24.49570367644106","3.103112622695998","5941122","5762311","3.103112622695998","-"
"1150217","11501","6122","擎邦","電機機械","291171","516567","275659","-43.63344929118585","5.627242353777675","291171","275659","5.627242353777675","-"
"1150217","11501","6123","上奇","資訊服務業","394697","402419","420313","-1.9188954795871964","-6.094505761182738","394697","420313","-6.094505761182738","-"
"1150217","11501","6124","業強","電子零組件業","173398","155944","115251","11.192479351562099","50.45249065084034","173398","115251","50.45249065084034","熱導產品銷售成長"
"1150217","11501","6125","廣運","光電業","258170","305126","206512","-15.389052391471065","25.01452700085225","258170","206512","25.01452700085225","-"
"1150217","11501","6126","信音","電子零組件業","476574","380605","271975","25.214855296173198","75.22713484695285","476574","271975","75.22713484695285","本期營收成長幅度較大，主要係去年底完成併購東莞國聯電子有限公司 80% 股權，並自本期起認列其營收所致。"
"1150217","11501","6127","九豪","電子零組件業","83686","88737","86030","-5.692101378230051","-2.724630942694409","83686","86030","-2.724630942694409","以上資訊係屬初步自行結算完成，未經會計師簽證或核閱"
"1150217","11501","6129","普誠","半導體業","97992","123653","61223","-20.75242816591591","60.05749473237182","97992","61223","60.05749473237182","本月營業收入淨額含少數股權5,911仟元，本年累計營業收入淨額含少數股權5,911仟元。"
"1150217","11501","6130","上亞科技","生技醫療業","17073","13214","7742","29.203874678371424","120.5244122965642","17073","7742","120.5244122965642","藥品收入與鍍膜加工收入增加"
"1150217","11501","6134","萬旭","電子零組件業","225879","187173","134344","20.679264637527847","68.13478830465074","225879","134344","68.13478830465074","本月較去年同期營收業績提升"
"1150217","11501","6138","茂達","半導體業","682723","633489","612038","7.771879227579326","11.549119499116069","682723","612038","11.549119499116069","-"
"1150217","11501","6140","訊達電腦","資訊服務業","135144","189023","157922","-28.503938674129603","-14.423576195843518","135144","157922","-14.423576195843518","-"
"1150217","11501","6143","振曜","通信網路業","775189","806315","470031","-3.860277931081525","64.92295189040723","775189","470031","64.92295189040723","客戶需求暢旺，帶動營收顯著提升"
"1150217","11501","6144","得利影","文化創意業","11776","14257","16251","-17.40197797573122","-27.536766968186573","11776","16251","-27.536766968186573","-"
"1150217","11501","6146","耕興","其他電子業","401088","380427","365080","5.431002531366071","9.863043716445711","401088","365080","9.863043716445711","-"
"1150217","11501","6147","頎邦","半導體業","1962425","1793446","1644773","9.422028876252757","19.312817027030476","1962425","1644773","19.312817027030476","-"
"1150217","11501","6148","驊宏資","資訊服務業","29894","104275","36174","-71.3315751618317","-17.360535191021174","29894","36174","-17.360535191021174","-"
"1150217","11501","6150","撼訊","電腦及週邊設備業","539430","612877","528586","-11.983970682534995","2.051511012399118","539430","528586","2.051511012399118","-"
"1150217","11501","6151","晉倫","其他電子業","158834","158358","118010","0.3005847510072115","34.59367850182188","158834","118010","34.59367850182188","-"
"1150217","11501","6154","順發","電子通路業","351519","323100","314565","8.795728876508822","11.747651518764007","351519","314565","11.747651518764007","-"
"1150217","11501","6156","松上","電子零組件業","528813","460888","466320","14.737853882071132","13.401312403499743","528813","466320","13.401312403499743","-"
"1150217","11501","6158","禾昌","電子零組件業","147171","140719","149683","4.585024055031659","-1.6782132907544611","147171","149683","-1.6782132907544611","-"
"1150217","11501","6160","欣技","電腦及週邊設備業","65798","91140","97773","-27.8055738424402","-32.703302547738126","65798","97773","-32.703302547738126","-"
"1150217","11501","6161","捷波","電腦及週邊設備業","110331","90533","100108","21.86826902897286","10.211971071243058","110331","100108","10.211971071243058","-"
"1150217","11501","6163","華電網","通信網路業","574420","1412748","593962","-59.34023619215883","-3.2901094682824827","574420","593962","-3.2901094682824827","-"
"1150217","11501","6167","久正","光電業","132321","117738","98903","12.385975640829638","33.7886616179489","132321","98903","33.7886616179489","-"
"1150217","11501","6169","昱泉","文化創意業","1631","2153","2776","-24.245239201114725","-41.2463976945245","1631","2776","-41.2463976945245","-"
"1150217","11501","6170","統振","通信網路業","278585","265355","287589","4.985773774754574","-3.1308568825650496","278585","287589","-3.1308568825650496","-"
"1150217","11501","6171","大城地產","建材營造","35518","33","904","107530.30303030302","3828.9823008849557","35518","904","3828.9823008849557","本月及本年累計營收較去年增加，主要係因本期「大城二月埕」完工交屋認列收入所致"
"1150217","11501","6173","信昌電","電子零組件業","344358","313728","301538","9.763234394124847","14.200531939589704","344358","301538","14.200531939589704","-"
"1150217","11501","6174","安碁","電子零組件業","62508","46870","52040","33.36462556005974","20.115295926210607","62508","52040","20.115295926210607","-"
"1150217","11501","6175","立敦","電子零組件業","353607","370588","363218","-4.582177512493659","-2.646069302732794","353607","363218","-2.646069302732794","-"
"1150217","11501","6179","亞通","其他","241827","460571","269095","-47.494088859263826","-10.13322432598153","241827","269095","-10.13322432598153","-"
"1150217","11501","6180","橘子","文化創意業","1095678","689707","907750","58.86137156792667","20.702616359129717","1095678","907750","20.702616359129717","-"
"1150217","11501","6182","合晶","半導體業","852700","761015","717396","12.047725734709566","18.860434125643298","852700","717396","18.860434125643298","-"
"1150217","11501","6185","幃翔","電子零組件業","60754","40167","37631","51.253516568327235","61.44667959926656","60754","37631","61.44667959926656","主因為因應農曆春節，客戶提前備貨。"
"1150217","11501","6186","新潤","建材營造","0","0","27387","","-100.0","0","27387","-100.0","認列建案營收"
"1150217","11501","6187","萬潤","半導體業","390794","275656","368035","41.76872623850016","6.183922724740853","390794","368035","6.183922724740853","-"
"1150217","11501","6188","廣明","電腦及週邊設備業","739122","848916","732894","-12.933435110187581","0.8497818238380994","739122","732894","0.8497818238380994","-"
"1150217","11501","6190","萬泰科","通信網路業","877658","722253","725506","21.516698442235615","20.971845856547016","877658","725506","20.971845856547016","-"
"1150217","11501","6194","育富","電子零組件業","115459","103328","118385","11.74028336946423","-2.4715969083921103","115459","118385","-2.4715969083921103","-"
"1150217","11501","6195","詩肯","居家生活","302200","223529","289551","35.194985885500316","4.368487762086817","302200","289551","4.368487762086817","-"
"1150217","11501","6198","瑞築","建材營造","22","22","15","0.0","46.666666666666664","22","15","46.666666666666664","-"
"1150217","11501","6199","天品","其他","52592","45406","7917","15.826102277232083","564.2920298092712","52592","7917","564.2920298092712","主係伺服器潔淨較去年本月及累計增加45,923仟元。"
"1150217","11501","6203","海韻電","電子零組件業","337624","177962","233347","89.7169058563064","44.687525444938224","337624","233347","44.687525444938224","-"
"1150217","11501","6204","艾華","電子零組件業","38692","35920","31099","7.717149220489977","24.41557606353902","38692","31099","24.41557606353902","-"
"1150217","11501","6207","雷科","電子零組件業","60501","81860","66633","-26.092108477889077","-9.202647336905137","60501","66633","-9.202647336905137","-"
"1150217","11501","6208","日揚","半導體業","279585","323328","248457","-13.528986045130642","12.528526062859973","279585","248457","12.528526062859973","-"
"1150217","11501","6210","慶生","電子零組件業","31961","37317","19927","-14.352707881126564","60.390425051437745","31961","19927","60.390425051437745","訂單增加"
"1150217","11501","6212","理銘","建材營造","75147","120394","508384","-37.58243766300646","-85.21845691445836","75147","508384","-85.21845691445836","營收較去年減少，主要係去年度交屋量較多"
"1150217","11501","6217","中探針","電子零組件業","421135","357824","270409","17.693335270971204","55.74000865355813","421135","270409","55.74000865355813","本月營收較去年同期增加55.74%，主係因應用於無線耳機、筆電周邊及運動相機之產品營收增加所致。"
"1150217","11501","6218","豪勉","通信網路業","180012","135811","144644","32.54596461258661","24.451757418212992","180012","144644","24.451757418212992","-"
"1150217","11501","6219","富旺","建材營造","617048","2724601","5657","-77.35272063689325","10807.689588120913","617048","5657","10807.689588120913","因建案完工入帳時間差異，本月營業收入及累計營業收入較去年同期產生較大波動。"
"1150217","11501","6220","岳豐","電子零組件業","878663","778426","715699","12.876882324074478","22.76990746109747","878663","715699","22.76990746109747","-"
"1150217","11501","6221","晉泰","資訊服務業","407219","394667","791928","3.18040271925446","-48.578784940045054","407219","791928","-48.578784940045054","-"
"1150217","11501","6222","立軒","光電業","177","23","253","669.5652173913044","-30.039525691699605","177","253","-30.039525691699605","客戶訂單減少"
"1150217","11501","6223","旺矽","半導體業","1227414","1395784","922477","-12.062754695568941","33.05632552356319","1227414","922477","33.05632552356319","-"
"1150217","11501","6227","茂綸","電子通路業","1869801","1251325","945660","49.4256887699039","97.72444641837447","1869801","945660","97.72444641837447","因應終端客戶AI雲端機房建置之相關產品出貨需求, 使得本月及累積營收皆比去年同期增長。"
"1150217","11501","6228","全譜","電腦及週邊設備業","5242","5264","5635","-0.41793313069908816","-6.974267968056788","5242","5635","-6.974267968056788","-"
"1150217","11501","6229","研通","半導體業","205384","218351","123118","-5.938603441248265","66.81882421741744","205384","123118","66.81882421741744","本月營收較去年同期大幅度增長，係因去年一月適逢農曆年假期，工作天數少，營收偏低所造成。"
"1150217","11501","6231","系微","資訊服務業","108047","198125","116494","-45.465236593059934","-7.251017219770976","108047","116494","-7.251017219770976","-"
"1150217","11501","6233","旺玖","半導體業","29833","30914","33475","-3.4967975674451703","-10.879761015683346","29833","33475","-10.879761015683346","-"
"1150217","11501","6234","高僑","光電業","41616","46501","31753","-10.50515042687254","31.061631971782194","41616","31753","31.061631971782194","-"
"1150217","11501","6236","中湛","其他","2497","2883","4407","-13.388831078737427","-43.340140685273425","2497","4407","-43.340140685273425","-"
"1150217","11501","6237","驊訊","半導體業","51092","55019","37843","-7.13753430633054","35.01043786169173","51092","37843","35.01043786169173","-"
"1150217","11501","6240","松崗","資訊服務業","3929","5397","3274","-27.20029646099685","20.006108735491754","3929","3274","20.006108735491754","-"
"1150217","11501","6241","鑫永洋","通信網路業","61913","46098","58151","34.3073452210508","6.4693642413716015","61913","58151","6.4693642413716015","-"
"1150217","11501","6242","立康","生技醫療業","43660","54775","32690","-20.292104062072113","33.55766289385133","43660","32690","33.55766289385133","-"
"1150217","11501","6244","茂迪","光電業","251665","252806","247302","-0.4513342246623893","1.7642396745679372","251665","247302","1.7642396745679372","-"
"1150217","11501","6245","立端","通信網路業","398454","772173","529668","-48.39835114669899","-24.77287659439498","398454","529668","-24.77287659439498","-"
"1150217","11501","6246","臺龍","光電業","108986","144673","119222","-24.667353272552585","-8.58566371978326","108986","119222","-8.58566371978326","-"
"1150217","11501","6248","沛波","鋼鐵工業","638211","631978","584898","0.9862685093468444","9.11492260188956","638211","584898","9.11492260188956","-"
"1150217","11501","6259","百徽","電子零組件業","60708","34527","30928","75.82761317229993","96.28815312984997","60708","30928","96.28815312984997","主係客戶訂單成長，以致營收較前期增加。"
"1150217","11501","6261","久元","半導體業","392889","413095","310922","-4.8913688134690565","26.36256038491969","392889","310922","26.36256038491969","-"
"1150217","11501","6263","普萊德","通信網路業","132565","171346","121297","-22.63315163470405","9.28959496112847","132565","121297","9.28959496112847","-"
"1150217","11501","6264","富裔","建材營造","2373","1953","8913","21.50537634408602","-73.37596768764726","2373","8913","-73.37596768764726","收入較去年同期減少，主係為本年度子公司快意業務減少及子公司富永公共工程收入減少所致。"
"1150217","11501","6265","方土昶","電子通路業","212986","179029","39757","18.967318143987846","435.7194959378223","212986","39757","435.7194959378223","受市場需求復甦影響。"
"1150217","11501","6266","泰詠","電子零組件業","264045","301926","238855","-12.546451779575127","10.546147244143937","264045","238855","10.546147244143937","-"
"1150217","11501","6270","倍微","電子通路業","255118","196665","206452","29.722116289121093","23.572549551469592","255118","206452","23.572549551469592","-"
"1150217","11501","6274","台燿","電子零組件業","3533279","3250133","2021128","8.711828100573115","74.8171812967808","3533279","2021128","74.8171812967808","產品組合優化"
"1150217","11501","6275","元山","電子零組件業","434927","334482","309882","30.030016562924164","40.35245674159842","434927","309882","40.35245674159842","-"
"1150217","11501","6276","安鈦克","電腦及週邊設備業","108407","116586","144003","-7.015422091846363","-24.71892946674722","108407","144003","-24.71892946674722","-"
"1150217","11501","6279","胡連","電子零組件業","838521","971679","817493","-13.703908389499","2.5722544413224333","838521","817493","2.5722544413224333","-"
"1150217","11501","6284","佳邦","電子零組件業","677511","626316","639365","8.173988849079379","5.966232120932488","677511","639365","5.966232120932488","-"
"1150217","11501","6290","良維","電子零組件業","827187","852307","797275","-2.947294812784595","3.7517794989181903","827187","797275","3.7517794989181903","-"
"1150217","11501","6291","沛亨","半導體業","242819","221810","136770","9.471619854830712","77.53820282225634","242819","136770","77.53820282225634","電腦周邊設備事業部客戶需求大幅成長，訂單增加所致。"
"1150217","11501","6292","迅德","電子零組件業","94155","92580","85095","1.7012313674659754","10.64692402608849","94155","85095","10.64692402608849","-"
"1150217","11501","6294","智基","文化創意業","65054","72208","73461","-9.907489474850433","-11.444167653584895","65054","73461","-11.444167653584895","-"
"1150217","11501","6411","晶焱","半導體業","252293","205744","210780","22.624718096274982","19.69494259417402","252293","210780","19.69494259417402","-"
"1150217","11501","6417","韋僑","通信網路業","142647","157688","113856","-9.538455684643093","25.28720489038786","142647","113856","25.28720489038786","-"
"1150217","11501","6418","詠昇","電子零組件業","77704","80531","61451","-3.510449392159541","26.448715236529917","77704","61451","26.448715236529917","-"
"1150217","11501","6419","京晨科","光電業","57072","53923","62546","5.839808615989466","-8.751958558500943","57072","62546","-8.751958558500943","-"
"1150217","11501","6423","億而得","半導體業","55773","5236","53898","965.183346065699","3.4787932761883558","55773","53898","3.4787932761883558","-"
"1150217","11501","6425","易發","電機機械","105149","198660","71282","-47.070874861572534","47.511293173592215","105149","71282","47.511293173592215","-"
"1150217","11501","6432","今展科","電子零組件業","112898","105815","91188","6.693757973822237","23.807957187349214","112898","91188","23.807957187349214","-"
"1150217","11501","6435","大中","半導體業","335851","308351","334422","8.918407918249008","0.4273044237520259","335851","334422","0.4273044237520259","-"
"1150217","11501","6441","廣錠","電腦及週邊設備業","8120","6114","30125","32.809944389924766","-73.04564315352697","8120","30125","-73.04564315352697","因客戶舊專案已全數出貨，新專案尚未開始出貨，使本期拉貨數量減少，致營收下降。"
"1150217","11501","6461","益得","生技醫療業","7393","2739","1496","169.91602774735304","394.1844919786096","7393","1496","394.1844919786096","本月及本年較去年同期增加，主要因經銷商備貨增加所致。"
"1150217","11501","6462","神盾","半導體業","1031213","737831","343629","39.76276410180651","200.09486975779112","1031213","343629","200.09486975779112","主係合併子公司營收陸續於本月出貨"
"1150217","11501","6465","威潤","通信網路業","28855","49674","13029","-41.91126142448766","121.46749558676798","28855","13029","121.46749558676798","本月因增加其他電子產品銷售、致本月較上期營收增加"
"1150217","11501","6469","大樹","生技醫療業","1603658","1579576","1611403","1.5245863446899675","-0.4806370597547603","1603658","1611403","-0.4806370597547603","-"
"1150217","11501","6470","宇智","通信網路業","94816","91917","175339","3.1539323520132294","-45.9241811576432","94816","175339","-45.9241811576432","-"
"1150217","11501","6474","華豫寧","電子通路業","354583","316420","283137","12.06086846596296","25.233720778280478","354583","283137","25.233720778280478","-"
"1150217","11501","6482","弘煜科","文化創意業","42450","34053","57323","24.658620385869085","-25.945955375678174","42450","57323","-25.945955375678174","-"
"1150217","11501","6485","點序","半導體業","136579","146258","123547","-6.617757661119391","10.548212421183841","136579","123547","10.548212421183841","-"
"1150217","11501","6486","互動","通信網路業","136265","777057","116155","-82.46396339007306","17.313073048943224","136265","116155","17.313073048943224","-"
"1150217","11501","6488","環球晶","半導體業","4139278","5505813","4829183","-24.81985857492799","-14.28616393290542","4139278","4829183","-14.28616393290542","-"
"1150217","11501","6492","生華科","生技醫療業","80","80","83","0.0","-3.6144578313253013","80","83","-3.6144578313253013","-"
"1150217","11501","6494","九齊","半導體業","130829","113928","85107","14.834807948879995","53.72296050853631","130829","85107","53.72296050853631","基期較低加上代理商年前備貨"
"1150217","11501","6496","科懋","生技醫療業","95614","125592","70769","-23.869354735970443","35.1071796973251","95614","70769","35.1071796973251","-"
"1150217","11501","6498","久禾光","光電業","123031","103979","88932","18.322930591754105","38.34277875230513","123031","88932","38.34277875230513","-"
"1150217","11501","6499","益安","生技醫療業","30268","36238","26957","-16.47441911805287","12.282524019735133","30268","26957","12.282524019735133","本月營收較去年同期增長，係因CDMO事業體業務成長所致"
"1150217","11501","6506","雙邦","紡織纖維","207965","166893","153981","24.609779918870174","35.05887089965645","207965","153981","35.05887089965645","-"
"1150217","11501","6508","惠光","農業科技","137966","57838","117174","138.53867699436356","17.74455083892331","137966","117174","17.74455083892331","-"
"1150217","11501","6509","聚和","化學工業","568229","344037","491034","65.16508398805942","15.720907309880783","568229","491034","15.720907309880783","-"
"1150217","11501","6510","精測","半導體業","454126","390779","380733","16.210441195663023","19.276763506184125","454126","380733","19.276763506184125","-"
"1150217","11501","6512","啟發電","其他電子業","8059","9466","20604","-14.863722797380097","-60.88623568239177","8059","20604","-60.88623568239177","主因客戶庫存調整致出貨趨緩；本公司持續推展新一代高附加價值IC，優化產品組合與市場布局。"
"1150217","11501","6516","勤崴國際","資訊服務業","57437","67446","38358","-14.840020164279572","49.73929819072944","57437","38358","49.73929819072944","-"
"1150217","11501","6517","保勝光學","光電業","26304","42787","45486","-38.52338327061958","-42.171217517477906","26304","45486","-42.171217517477906","-"
"1150217","11501","6523","達爾膚","生技醫療業","89883","87470","121926","2.758660112038413","-26.2806948476945","89883","121926","-26.2806948476945","-"
"1150217","11501","6527","明達醫","生技醫療業","74509","98399","68700","-24.278702019329465","8.455604075691411","74509","68700","8.455604075691411","-"
"1150217","11501","6530","創威","通信網路業","30563","27411","24329","11.499033234832732","25.62374121418883","30563","24329","25.62374121418883","-"
"1150217","11501","6532","瑞耘","半導體業","50141","62609","62086","-19.914069862160392","-19.239442064233483","50141","62086","-19.239442064233483","-"
"1150217","11501","6535","順藥","生技醫療業","3951","13964","40","-71.70581495273561","9777.5","3951","40","9777.5","本月銷貨收入較去年同期增加"
"1150217","11501","6538","倉和","電子零組件業","90060","104164","144511","-13.540186628777697","-37.67948460670814","90060","144511","-37.67948460670814","-"
"1150217","11501","6542","隆中","文化創意業","85815","84319","75801","1.7742145898314734","13.21090750781652","85815","75801","13.21090750781652","-"
"1150217","11501","6546","正基","通信網路業","190875","220030","196676","-13.250465845566513","-2.949521039679473","190875","196676","-2.949521039679473","-"
"1150217","11501","6547","高端疫苗","生技醫療業","37098","42376","35963","-12.455163299981121","3.1560214665072435","37098","35963","3.1560214665072435","-"
"1150217","11501","6548","長科*","半導體業","1200739","1198433","1055153","0.19241793241674754","13.797619871241421","1200739","1055153","13.797619871241421","-"
"1150217","11501","6556","勝品","光電業","132846","117505","129229","13.055614654695544","2.798907365993701","132846","129229","2.798907365993701","-"
"1150217","11501","6560","欣普羅","光電業","36899","27148","8343","35.91793133932518","342.2749610451876","36899","8343","342.2749610451876","因主要客戶訂單逐漸回穩並陸續開始出貨。"
"1150217","11501","6561","是方","通信網路業","315809","311141","316538","1.5002844369594492","-0.23030410250901945","315809","316538","-0.23030410250901945","-"
"1150217","11501","6568","宏觀","半導體業","123987","129669","114682","-4.381926289244152","8.113740604454055","123987","114682","8.113740604454055","-"
"1150217","11501","6569","醫揚","生技醫療業","78030","128175","82158","-39.12229373902867","-5.024465055137662","78030","82158","-5.024465055137662","-"
"1150217","11501","6570","維田","電腦及週邊設備業","90895","87297","67011","4.121562023895438","35.64190953724015","90895","67011","35.64190953724015","-"
"1150217","11501","6574","霈方","生技醫療業","66442","69229","43666","-4.02576954744399","52.159574955342826","66442","43666","52.159574955342826","本月較去年同期增加52.16%，主係較去年同期醫美通路合作診所基礎擴大，帶動相關服務及商品成長，致整體營收較去年同期顯著提升。"
"1150217","11501","6576","逸達","生技醫療業","12790","14106","11139","-9.329363391464625","14.821797288805099","12790","11139","14.821797288805099","-"
"1150217","11501","6577","勁豐","電腦及週邊設備業","187605","194179","197475","-3.385536026037831","-4.9981010254462594","187605","197475","-4.9981010254462594","-"
"1150217","11501","6578","達邦蛋白","農業科技","25789","28880","25248","-10.702908587257618","2.142743979721166","25789","25248","2.142743979721166","1~2月，胜&#32957;蛋白廠產線歲修，降低供貨量能，但國外客戶需求提升，上半年訂單樂觀；液態發酵廠在 3月過後的訂單也樂觀呈現"
"1150217","11501","6584","南俊國際","電子零組件業","302764","243368","124793","24.40583807238421","142.61296707347367","302764","124793","142.61296707347367","主係雲端CSP客戶的GB系列AI伺服器導軌持續出貨以及通用型伺服器導軌出貨增溫所致"
"1150217","11501","6588","東典光電","通信網路業","48200","21572","6564","123.43778972742444","634.3083485679464","48200","6564","634.3083485679464","光通與網通需求回升帶動營收回穩及合併子公司營收增加"
"1150217","11501","6590","普鴻","資訊服務業","52373","57724","46198","-9.26997436075116","13.36637949694792","52373","46198","13.36637949694792","-"
"1150217","11501","6593","台灣銘板","資訊服務業","53864","38414","59059","40.219711563492474","-8.796288457305407","53864","59059","-8.796288457305407","-"
"1150217","11501","6596","寬宏藝術","文化創意業","195413","108750","214015","79.69011494252874","-8.691914118169286","195413","214015","-8.691914118169286","-"
"1150217","11501","6597","立誠","電子零組件業","53990","64178","68533","-15.874598772164916","-21.220433951527003","53990","68533","-21.220433951527003","-"
"1150217","11501","6603","富強鑫","電機機械","371434","553767","369260","-32.92594177695673","0.5887450576829334","371434","369260","0.5887450576829334","-"
"1150217","11501","6609","瀧澤科","電機機械","154214","137114","164649","12.471374184984757","-6.337724492708732","154214","164649","-6.337724492708732","-"
"1150217","11501","6612","奈米醫材","生技醫療業","75387","112791","89408","-33.16222038992473","-15.682041875447387","75387","89408","-15.682041875447387","-"
"1150217","11501","6613","朋億*","其他電子業","641195","1082845","911007","-40.78607741643541","-29.61689646731584","641195","911007","-29.61689646731584","-"
"1150217","11501","6615","慧智","生技醫療業","33079","33728","31113","-1.9242172675521823","6.318902066660239","33079","31113","6.318902066660239","-"
"1150217","11501","6616","特昇-KY","居家生活","72769","84654","103607","-14.039501972736078","-29.76439815842559","72769","103607","-29.76439815842559","-"
"1150217","11501","6617","共信-KY","生技醫療業","3242","3505","2381","-7.503566333808845","36.16127677446451","3242","2381","36.16127677446451","自2018年度起依據國際會計準則公報15號規定認列收入"
"1150217","11501","6620","漢達","生技醫療業","75690","136813","57275","-44.67630999978072","32.151898734177216","75690","57275","32.151898734177216","產品庫存調節導致本月營收較上月減少；Phyrago上市後，病人數持續增加。"
"1150217","11501","6624","萬年清","綠能環保","51757","111437","35365","-53.55492340963953","46.350911918563554","51757","35365","46.350911918563554","-"
"1150217","11501","6629","泰金-KY","居家生活","241421","159500","148350","51.36112852664577","62.737445230872936","241421","148350","62.737445230872936","新系列產品訂單成長"
"1150217","11501","6637","醫影","生技醫療業","43172","151344","48997","-71.47425732106989","-11.888482968345","43172","48997","-11.888482968345","-"
"1150217","11501","6640","均華","半導體業","230696","314084","147258","-26.549585461214196","56.66109820858629","230696","147258","56.66109820858629","配合客戶出貨"
"1150217","11501","6642","富致","電子零組件業","52358","48652","41689","7.617364137137219","25.591882750845546","52358","41689","25.591882750845546","-"
"1150217","11501","6643","M31","半導體業","109888","248109","112660","-55.709788842806994","-2.4605006213385407","109888","112660","-2.4605006213385407","-"
"1150217","11501","6649","台生材","生技醫療業","7662","16851","15794","-54.530888374577174","-51.48790680005065","7662","15794","-51.48790680005065","出貨較去年同期減少"
"1150217","11501","6651","全宇昕","半導體業","146931","106151","117625","38.416972049250596","24.914771519659936","146931","117625","24.914771519659936","-"
"1150217","11501","6654","天正國際","其他電子業","50646","35654","16477","42.04857799966343","207.37391515445773","50646","16477","207.37391515445773","係因為客戶需求增加所致"
"1150217","11501","6661","威健生技","生技醫療業","29019","35669","22627","-18.643640135692056","28.249436513899322","29019","22627","28.249436513899322","-"
"1150217","11501","6662","樂斯科","生技醫療業","24457","29442","19823","-16.931594321037974","23.37688543610957","24457","19823","23.37688543610957","-"
"1150217","11501","6664","群翊","電子零組件業","225001","250805","196477","-10.288471122983992","14.517729810613965","225001","196477","14.517729810613965","-"
"1150217","11501","6667","信紘科","其他電子業","465694","562795","365115","-17.25335157561812","27.547211152650533","465694","365115","27.547211152650533","-"
"1150217","11501","6679","鈺太","半導體業","178808","157473","170209","13.548354321058213","5.052024276037107","178808","170209","5.052024276037107","-"
"1150217","11501","6680","鑫創電子","電腦及週邊設備業","62509","75059","47290","-16.72018012496836","32.182279551702266","62509","47290","32.182279551702266","-"
"1150217","11501","6683","雍智科技","半導體業","220173","189426","150098","16.231668303189636","46.68616503884129","220173","150098","46.68616503884129","-"
"1150217","11501","6684","安格","半導體業","26477","30924","25549","-14.380416504979951","3.6322360953461974","26477","25549","3.6322360953461974","-"
"1150217","11501","6690","安碁資訊","數位雲端","187092","265300","151132","-29.47908028646815","23.79376968477887","187092","151132","23.79376968477887","-"
"1150217","11501","6692","進能服","綠能環保","31523","62445","198712","-49.51877652334054","-84.13633801682838","31523","198712","-84.13633801682838","當月營收及本年累計營收皆較去年同期減少84.14%，主要係工程收入減少所致。"
"1150217","11501","6693","廣閎科","半導體業","168011","159827","114919","5.120536580177316","46.199497037043486","168011","114919","46.199497037043486","-"
"1150217","11501","6697","東捷資訊","資訊服務業","220199","88214","212814","149.61910807808283","3.4701664364186566","220199","212814","3.4701664364186566","-"
"1150217","11501","6703","軒郁","生技醫療業","238429","272090","215921","-12.371274210739093","10.424182918752692","238429","215921","10.424182918752692","-"
"1150217","11501","6708","天擎","半導體業","15697","20320","16224","-22.750984251968504","-3.2482741617357003","15697","16224","-3.2482741617357003","-"
"1150217","11501","6712","長聖","生技醫療業","58197","128011","56856","-54.53750068353501","2.3585901224145207","58197","56856","2.3585901224145207","-"
"1150217","11501","6716","應廣","半導體業","158359","104828","47936","51.06555500438814","230.3550567423231","158359","47936","230.3550567423231","基期低"
"1150217","11501","6720","久昌","半導體業","32757","30724","42381","6.616976956125504","-22.70828909181001","32757","42381","-22.70828909181001","-"
"1150217","11501","6721","信實","其他","304702","336819","293442","-9.535388443051016","3.837214849953313","304702","293442","3.837214849953313","-"
"1150217","11501","6725","矽科宏晟","其他電子業","363198","359966","202344","0.897862575909947","79.49531490926343","363198","202344","79.49531490926343","因承接建廠專案，隨專案投入，營收與去年同期呈現成長。"
"1150217","11501","6727","亞泰金屬","電子零組件業","270835","252750","74039","7.155291790306627","265.8004565161604","270835","74039","265.8004565161604","當月驗收台數較多"
"1150217","11501","6728","上洋","居家生活","363994","547872","268690","-33.5622189124467","35.46987234359299","363994","268690","35.46987234359299","-"
"1150217","11501","6730","常廣","生技醫療業","42720","43987","40731","-2.880396480778412","4.883258451793474","42720","40731","4.883258451793474","-"
"1150217","11501","6732","昇佳電子","半導體業","399449","425118","390981","-6.038088248439257","2.1658341453932546","399449","390981","2.1658341453932546","-"
"1150217","11501","6733","博晟生醫","生技醫療業","23028","23204","17330","-0.7584899155318049","32.87939988459319","23028","17330","32.87939988459319","係銷售醫療器材及抗生素之收入。"
"1150217","11501","6735","美達科技","其他電子業","25450","39675","32354","-35.853812224322624","-21.33893799839278","25450","32354","-21.33893799839278","-"
"1150217","11501","6739","竹陞科技","其他電子業","91049","88134","45776","3.3074636349195545","98.901170919259","91049","45776","98.901170919259","因客戶產線升級需求"
"1150217","11501","6741","91APP*-KY","數位雲端","184011","198083","141483","-7.104092728805601","30.05873497169271","184011","141483","30.05873497169271","-"
"1150217","11501","6751","智聯服務","資訊服務業","125912","139133","128187","-9.502418549158","-1.7747509497842995","125912","128187","-1.7747509497842995","-"
"1150217","11501","6752","叡揚","資訊服務業","171140","199309","129799","-14.133330657421391","31.85001425280626","171140","129799","31.85001425280626","-"
"1150217","11501","6761","穩得","電子零組件業","173958","146784","164096","18.51291693917593","6.009896645865835","173958","164096","6.009896645865835","-"
"1150217","11501","6762","達亞","生技醫療業","51295","50368","51504","1.8404542566709021","-0.405793724759242","51295","51504","-0.405793724759242","-"
"1150217","11501","6763","綠界科技*","數位雲端","158739","172989","121033","-8.23751799247351","31.153487065511058","158739","121033","31.153487065511058","-"
"1150217","11501","6767","台微醫","生技醫療業","30734","20674","30199","48.66015284898907","1.7715818404582933","30734","30199","1.7715818404582933","-"
"1150217","11501","6785","昱展新藥","生技醫療業","0","1000","0","-100.0","","0","0","","無"
"1150217","11501","6788","華景電","半導體業","220782","238981","162885","-7.6152497478879075","35.54470945759278","220782","162885","35.54470945759278","-"
"1150217","11501","6791","虎門科技","資訊服務業","59232","100519","52247","-41.07382683870711","13.369188661549945","59232","52247","13.369188661549945","-"
"1150217","11501","6803","崑鼎","綠能環保","797567","827601","743694","-3.629043464181411","7.243974000059164","797567","743694","7.243974000059164","-"
"1150217","11501","6804","明係","運動休閒","100606","98000","67840","2.659183673469388","48.29893867924528","100606","67840","48.29893867924528","-"
"1150217","11501","6811","宏碁資訊","數位雲端","1486366","1141259","1116069","30.239148168820574","33.178683396815075","1486366","1116069","33.178683396815075","-"
"1150217","11501","6821","聯寶","電子零組件業","49902","43688","51333","14.223585423915035","-2.787680439483373","49902","51333","-2.787680439483373","-"
"1150217","11501","6823","濾能","半導體業","40421","58508","31526","-30.913721200519586","28.21480682611178","40421","31526","28.21480682611178","-"
"1150217","11501","6829","千附精密","半導體業","166395","184387","156553","-9.757737801471905","6.286688852976308","166395","156553","6.286688852976308","-"
"1150217","11501","6840","東研信超","其他電子業","79106","89062","68034","-11.178729424445892","16.27421583325984","79106","68034","16.27421583325984","-"
"1150217","11501","6841","長佳智能","生技醫療業","27435","45050","20389","-39.100998890122085","34.5578498209819","27435","20389","34.5578498209819","-"
"1150217","11501","6843","進典","電機機械","60562","74294","51391","-18.483323013971518","17.845537156311416","60562","51391","17.845537156311416","-"
"1150217","11501","6844","諾貝兒","生技醫療業","280741","301938","311493","-7.020315428995357","-9.872452992523106","280741","311493","-9.872452992523106","-"
"1150217","11501","6846","綠茵","食品工業","55897","104797","52565","-46.66164107751176","6.338818605536003","55897","52565","6.338818605536003","-"
"1150217","11501","6855","數泓科","其他電子業","39127","56179","69177","-30.352978871108423","-43.439293406768144","39127","69177","-43.439293406768144","-"
"1150217","11501","6856","鑫傳","文化創意業","59416","69498","60056","-14.506892284670062","-1.0656720394298655","59416","60056","-1.0656720394298655","-"
"1150217","11501","6859","伯特光","光電業","70421","67100","68985","4.949329359165425","2.081611944625643","70421","68985","2.081611944625643","-"
"1150217","11501","6865","偉康科技","數位雲端","15852","44514","30046","-64.38873163499125","-47.24089729082074","15852","30046","-47.24089729082074","-"
"1150217","11501","6870","騰雲","數位雲端","58155","92519","41145","-37.14264097104378","41.34159679183376","58155","41145","41.34159679183376","-"
"1150217","11501","6872","浩宇生醫","生技醫療業","658","683","350","-3.6603221083455346","88.0","658","350","88.0","係租賃及勞務收入增加所致"
"1150217","11501","6874","倍力","資訊服務業","475331","97172","291549","389.1645741571646","63.036402114224366","475331","291549","63.036402114224366","客戶需求調整"
"1150217","11501","6875","國邑*","生技醫療業","0","2012","0","-100.0","","0","0","","本公司屬新藥研發公司，本月無營收。"
"1150217","11501","6877","鏵友益","其他電子業","3982","39606","25228","-89.9459677826592","-84.21595053115585","3982","25228","-84.21595053115585","本期營收減少，主要係因出貨減少所致。"
"1150217","11501","6881","潤德","其他","214550","214422","186255","0.05969536707987053","15.191538482188397","214550","186255","15.191538482188397","-"
"1150217","11501","6884","海柏特","資訊服務業","112041","126607","74039","-11.504893094378668","51.327003336079635","112041","74039","51.327003336079635","115年一月份營收較去年同期增長，主係大型專案業務成長。"
"1150217","11501","6894","衛司特","綠能環保","130809","130773","86337","0.027528618292766857","51.50978143785399","130809","86337","51.50978143785399","本月因應客戶訂單需求，電解設備與耗材之銷售額增加，且本月納入新事業體，營運銷售範疇擴大，以上使本月營收較去年同期成長。"
"1150217","11501","6895","宏碩系統","半導體業","40176","102089","28436","-60.6461029102058","41.28569419046279","40176","28436","41.28569419046279","-"
"1150217","11501","6899","創為精密","光電業","90821","107304","80815","-15.361030343696413","12.381364845635092","90821","80815","12.381364845635092","-"
"1150217","11501","6903","巨漢","其他電子業","719547","665017","104822","8.199790381298524","586.4465474804907","719547","104822","586.4465474804907","本月營收較去年同期增加50%以上，主係目前進行中之專案本月進入施工高峰期所致。"
"1150217","11501","6904","伯鑫","其他","58955","55845","114873","5.56898558510162","-48.67810538594796","58955","114873","-48.67810538594796","-"
"1150217","11501","6907","雅特力-KY","半導體業","217125","164798","127571","31.752205730652072","70.19933997538625","217125","127571","70.19933997538625","終端市場需求成長帶動營收大幅增加"
"1150217","11501","6910","德鴻","數位雲端","23225","42552","16046","-45.419721752209064","44.74012214882214","23225","16046","44.74012214882214","-"
"1150217","11501","6913","鴻呈","電子零組件業","269701","254072","188170","6.151405900689569","43.32837327948132","269701","188170","43.32837327948132","無"
"1150217","11501","6922","宸曜","電腦及週邊設備業","187708","84311","126258","122.63761549501251","48.670183275515214","187708","126258","48.670183275515214","-"
"1150217","11501","6925","意藍","數位雲端","15501","21387","14690","-27.521391499509047","5.520762423417291","15501","14690","5.520762423417291","-"
"1150217","11501","6929","佑全","生技醫療業","264841","272072","282064","-2.6577523596694994","-6.106061035793295","264841","282064","-6.106061035793295","-"
"1150217","11501","6953","家碩","半導體業","92809","188069","57144","-50.65162254279014","62.412501749965","92809","57144","62.412501749965","因客戶需求增加，使營收成長。"
"1150217","11501","6961","旅天下","觀光餐旅","358702","259748","434617","38.09615473458891","-17.46710321961635","358702","434617","-17.46710321961635","-"
"1150217","11501","6967","汎瑋材料","電子零組件業","129832","147993","96762","-12.271526355976297","34.17663958992166","129832","96762","34.17663958992166","-"
"1150217","11501","6968","萬達寵物","居家生活","312372","288559","291418","8.252385127478263","7.1903588659588635","312372","291418","7.1903588659588635","無"
"1150217","11501","6971","惠民實業","綠能環保","166010","244593","144648","-32.128065807279846","14.768265029589072","166010","144648","14.768265029589072","-"
"1150217","11501","6982","大井泵浦","電機機械","189012","156054","132522","21.119612441847053","42.62688459274686","189012","132522","42.62688459274686","-"
"1150217","11501","6996","力領科技","半導體業","261237","266119","197766","-1.8345176406043913","32.093989866812294","261237","197766","32.093989866812294","-"
"1150217","11501","6997","博弘","數位雲端","381905","400075","362353","-4.541648440917328","5.395843279895572","381905","362353","5.395843279895572","-"
"1150217","11501","7402","邑錡","光電業","31002","22107","41593","40.23612430451893","-25.463419325367248","31002","41593","-25.463419325367248","-"
"1150217","11501","7547","碩網","數位雲端","28157","31110","19459","-9.492124718739955","44.69911095123079","28157","19459","44.69911095123079","-"
"1150217","11501","7556","意德士科技","半導體業","75668","66400","62427","13.957831325301205","21.21037371650087","75668","62427","21.21037371650087","-"
"1150217","11501","7584","樂意","文化創意業","71758","71145","128404","0.8616206339166491","-44.1154481168811","71758","128404","-44.1154481168811","-"
"1150217","11501","7642","昶瑞機電","電機機械","44766","57704","79173","-22.421322611950643","-43.45799704444697","44766","79173","-43.45799704444697","-"
"1150217","11501","7703","銳澤","其他電子業","185544","227769","160698","-18.53851928927993","15.461300078407945","185544","160698","15.461300078407945","-"
"1150217","11501","7704","明遠精密","半導體業","52526","58499","46845","-10.210430947537565","12.12722809264596","52526","46845","12.12722809264596","-"
"1150217","11501","7708","全家餐飲","觀光餐旅","238982","241507","235603","-1.0455183493646147","1.4341922641052958","238982","235603","1.4341922641052958","-"
"1150217","11501","7709","榮田","電機機械","45399","190357","37736","-76.15060123872513","20.30686877252491","45399","37736","20.30686877252491","-"
"1150217","11501","7712","博盛半導體","半導體業","113212","108984","100630","3.8794685458415916","12.503229653184935","113212","100630","12.503229653184935","-"
"1150217","11501","7713","威力德生醫","生技醫療業","98293","96583","80734","1.7704979137115227","21.749201080090174","98293","80734","21.749201080090174","-"
"1150217","11501","7714","創泓科技","數位雲端","142717","199517","116991","-28.468752036167345","21.989725705396143","142717","116991","21.989725705396143","-"
"1150217","11501","7715","裕山","綠能環保","40658","81595","79540","-50.17096635823273","-48.883580588383204","40658","79540","-48.883580588383204","-"
"1150217","11501","7716","昱臺國際","航運業","162447","155209","180466","4.663389365307424","-9.984706260459033","162447","180466","-9.984706260459033","-"
"1150217","11501","7717","萊德光電-KY","通信網路業","98597","74793","64775","31.8265078282727","52.21458896179082","98597","64775","52.21458896179082","市場需求增加"
"1150217","11501","7718","友鋮","鋼鐵工業","202104","236950","224450","-14.706056129985228","-9.955892180886611","202104","224450","-9.955892180886611","-"
"1150217","11501","7723","築間","觀光餐旅","383803","395644","506466","-2.9928420499236688","-24.219394786619436","383803","506466","-24.219394786619436","-"
"1150217","11501","7728","光焱科技","其他電子業","35960","51653","24578","-30.381584806303604","46.30970786882578","35960","24578","46.30970786882578","-"
"1150217","11501","7734","印能科技","半導體業","304350","202301","125764","50.44414016737436","142.00089055691612","304350","125764","142.00089055691612","主要係因市場需求較去年同期成長所致。"
"1150217","11501","7738","東聯互動","數位雲端","46629","46582","42608","0.10089734232106823","9.437194892977844","46629","42608","9.437194892977844","-"
"1150217","11501","7743","金利食安","食品工業","46325","52329","31887","-11.473561505092778","45.278640198199895","46325","31887","45.278640198199895","-"
"1150217","11501","7744","崴寶","電子零組件業","335813","258031","193182","30.144440009146187","73.83244815769585","335813","193182","73.83244815769585","主係客戶需求增加所致。"
"1150217","11501","7747","昕奇雲端","數位雲端","141847","147024","147203","-3.5211938186962675","-3.6385128020488713","141847","147203","-3.6385128020488713","-"
"1150217","11501","7751","竑騰","半導體業","197915","189879","109606","4.232168907567451","80.56949437074613","197915","109606","80.56949437074613","本公司為設備業，每月營收高低起伏屬常態，主要係今年同期客戶驗收機台較多所致。"
"1150217","11501","7753","星亞","光電業","74653","73683","56252","1.316450198824695","32.7117258053047","74653","56252","32.7117258053047","-"
"1150217","11501","7757","金色三麥","觀光餐旅","173619","227616","219495","-23.722849008857022","-20.900703888471263","173619","219495","-20.900703888471263","-"
"1150217","11501","7767","仁大資訊","資訊服務業","195037","234144","151347","-16.702114937816045","28.86743708167324","195037","151347","28.86743708167324","-"
"1150217","11501","7770","君曜","半導體業","15147","34323","14220","-55.86924219910847","6.518987341772152","15147","14220","6.518987341772152","-"
"1150217","11501","7777","能率亞洲","其他","54141","76055","-31620","-28.813358753533628","271.2239089184061","54141","-31620","271.2239089184061","營業收入為投資標的之評價損益(含已實現及未實現)，投資標的的股數及公允價值變動情形，請參考本公司網站投資人專區/財務資訊。"
"1150217","11501","7782","光速火箭","居家生活","58020","60884","74635","-4.704027330661586","-22.261673477590943","58020","74635","-22.261673477590943","-"
"1150217","11501","7792","安葆","其他電子業","451214","921104","267959","-51.013783459848185","68.38919386921134","451214","267959","68.38919386921134","本月增減達百分比50%以上，係因本月投入進行的專案較去年同期增加所致。"
"1150217","11501","7805","威聯通","數位雲端","610743","508151","531309","20.189274447949526","14.950621954455881","610743","531309","14.950621954455881","-"
"1150217","11501","7810","捷創科技","半導體業","63584","100237","43403","-36.56633777946267","46.49678593645601","63584","43403","46.49678593645601","-"
"1150217","11501","8024","佑華","半導體業","6678","12583","11764","-46.92839545418422","-43.23359401564094","6678","11764","-43.23359401564094","-"
"1150217","11501","8027","鈦昇","電機機械","102016","418939","71163","-75.6489608272326","43.35539535994829","102016","71163","43.35539535994829","-"
"1150217","11501","8032","光菱","電子通路業","382244","368093","257267","3.8444088857978826","48.57871394310192","382244","257267","48.57871394310192","註：本月(年)新台幣(累計)營業收入淨額=本月(年)功能性貨幣(累計)營業收入淨額x本月(年累計)換算匯率"
"1150217","11501","8034","榮群","通信網路業","30845","76876","4083","-59.876944690150374","655.4494244428116","30845","4083","655.4494244428116","主係本月結案金額較去年同期高"
"1150217","11501","8038","長園科","電子零組件業","43848","107418","5895","-59.180025694017765","643.8167938931298","43848","5895","643.8167938931298","配合客戶需求出貨"
"1150217","11501","8040","九暘","半導體業","63173","48822","52746","29.39453525050182","19.768323664353694","63173","52746","19.768323664353694","-"
"1150217","11501","8042","金山電","電子零組件業","422420","374077","281290","12.923275154580475","50.17241992249991","422420","281290","50.17241992249991","配合AI浪潮成長及去年適逢農曆春節"
"1150217","11501","8043","蜜望實","電子零組件業","506215","651822","372188","-22.33846049995244","36.01056455339774","506215","372188","36.01056455339774","-"
"1150217","11501","8044","網家","數位雲端","3431035","3552724","2897240","-3.425230893252614","18.424258949897144","3431035","2897240","18.424258949897144","-"
"1150217","11501","8047","星雲","其他電子業","29654","43992","35037","-32.592289507183125","-15.363758312640922","29654","35037","-15.363758312640922","-"
"1150217","11501","8048","德勝","通信網路業","93154","81969","81961","13.64540253022484","13.656495162333306","93154","81961","13.656495162333306","-"
"1150217","11501","8049","晶采","光電業","100555","126989","98955","-20.815976186913826","1.6168965691475923","100555","98955","1.6168965691475923","-"
"1150217","11501","8050","廣積","電腦及週邊設備業","424578","457481","448481","-7.192211261232707","-5.329768708150401","424578","448481","-5.329768708150401","-"
"1150217","11501","8054","安國","半導體業","895824","389408","112127","130.0476620922015","698.9369197427917","895824","112127","698.9369197427917","主係訂單陸續於本月出貨所致。"
"1150217","11501","8059","凱碩","通信網路業","328416","1444175","56936","-77.25926567071166","476.8160741885626","328416","56936","476.8160741885626","新增子公司合併營收"
"1150217","11501","8064","東捷","光電業","196579","524391","145520","-62.51289591163845","35.08727322704783","196579","145520","35.08727322704783","-"
"1150217","11501","8066","來思達","居家生活","321348","362558","417313","-11.36645722891234","-22.995928715376706","321348","417313","-22.995928715376706","-"
"1150217","11501","8067","志旭","電子通路業","6265","7714","8652","-18.78402903811252","-27.588996763754047","6265","8652","-27.588996763754047","-"
"1150217","11501","8068","全達","電子通路業","119773","97222","60616","23.195367303696695","97.59304474066253","119773","60616","97.59304474066253","新增子公司營收"
"1150217","11501","8069","元太","光電業","2780203","2574047","2262862","8.009022368278435","22.8622425936712","2780203","2262862","22.8622425936712","-"
"1150217","11501","8071","能率網通","電子零組件業","190810","166454","160757","14.632270777512105","18.694675815050044","190810","160757","18.694675815050044","-"
"1150217","11501","8074","鉅橡","電子零組件業","127574","123878","99425","2.9835806196419057","28.311792808649734","127574","99425","28.311792808649734","-"
"1150217","11501","8076","伍豐","電腦及週邊設備業","166829","217950","128369","-23.45537967423721","29.96050448316961","166829","128369","29.96050448316961","-"
"1150217","11501","8077","洛碁","觀光餐旅","93166","123667","86495","-24.663814922331746","7.712584542459101","93166","86495","7.712584542459101","-"
"1150217","11501","8080","泰霖","建材營造","12652","31297","24040","-59.57440010224622","-47.37104825291181","12652","24040","-47.37104825291181","-"
"1150217","11501","8083","瑞穎","電機機械","105508","129879","74643","-18.764388392272807","41.35016009538738","105508","74643","41.35016009538738","-"
"1150217","11501","8084","巨虹","電子通路業","53613","56854","84553","-5.700566362964787","-36.59243314843944","53613","84553","-36.59243314843944","-"
"1150217","11501","8085","福華","其他電子業","78511","56820","57863","38.17493840197114","35.68428875101533","78511","57863","35.68428875101533","-"
"1150217","11501","8086","宏捷科","半導體業","417391","422852","219485","-1.2914684097509295","90.16834863430303","417391","219485","90.16834863430303","因客戶需求增加"
"1150217","11501","8087","麗升能源","綠能環保","130123","14327","13232","808.2361973895443","883.3963119709795","130123","13232","883.3963119709795","本月營收較去年同期增加，主要係因本月EPC工程案件依進度認列收入所致。"
"1150217","11501","8088","品安","半導體業","202401","280419","85760","-27.821937885806598","136.0086287313433","202401","85760","136.0086287313433","係因DRAM IC 報價上漲所致"
"1150217","11501","8089","康全電訊","通信網路業","21799","56183","46525","-61.20000711959133","-53.145620634067704","21799","46525","-53.145620634067704","係亞洲客戶出貨減少所致。"
"1150217","11501","8091","翔名","半導體業","210247","185664","150717","13.240585143054119","39.49786686306123","210247","150717","39.49786686306123","-"
"1150217","11501","8092","建暐","其他電子業","20266","14603","19175","38.779702800794354","5.689700130378096","20266","19175","5.689700130378096","-"
"1150217","11501","8093","保銳","電子零組件業","30177","34150","25813","-11.633967789165446","16.906210049200016","30177","25813","16.906210049200016","-"
"1150217","11501","8096","擎亞","電子通路業","2828148","3234853","4871428","-12.57259603450296","-41.944169143011045","2828148","4871428","-41.944169143011045","-"
"1150217","11501","8097","常珵","通信網路業","19508","36368","28088","-46.359436867575894","-30.5468527485047","19508","28088","-30.5468527485047","-"
"1150217","11501","8099","大世科","資訊服務業","417220","675255","350340","-38.21297139599115","19.09002683107838","417220","350340","19.09002683107838","-"
"1150217","11501","8102","傑霖科技","半導體業","27736","41549","50446","-33.245084117547954","-45.01843555485073","27736","50446","-45.01843555485073","-"
"1150217","11501","8107","大億金茂","電機機械","52403","57376","79067","-8.667387060791969","-33.72329796248751","52403","79067","-33.72329796248751","-"
"1150217","11501","8109","博大","電子零組件業","170622","174191","120965","-2.048900345023566","41.05071714958872","170622","120965","41.05071714958872","-"
"1150217","11501","8111","立碁","光電業","70312","72582","61998","-3.1274971756082777","13.410110003548501","70312","61998","13.410110003548501","-"
"1150217","11501","8121","越峰","電子零組件業","314937","301234","218840","4.5489552972108065","43.91199049533906","314937","218840","43.91199049533906","-"
"1150217","11501","8147","正淩","電子零組件業","162336","149062","112829","8.905019387905703","43.87790373042392","162336","112829","43.87790373042392","-"
"1150217","11501","8155","博智","電子零組件業","518007","509110","349249","1.7475594665200056","48.320252885477124","518007","349249","48.320252885477124","-"
"1150217","11501","8171","天宇","綠能環保","45233","45752","52452","-1.1343766392726","-13.763059559216044","45233","52452","-13.763059559216044","本月及本年累計營收較去年同期減少主要係出貨量減少所致"
"1150217","11501","8176","智捷","通信網路業","20112","46356","58917","-56.61403054620761","-65.8638423544987","20112","58917","-65.8638423544987","因市場需求放緩，客戶調節拉貨動能所致。"
"1150217","11501","8182","加高","電子零組件業","236869","234754","227842","0.9009431149202995","3.961956092379807","236869","227842","3.961956092379807","-"
"1150217","11501","8183","精星","其他電子業","692907","745858","591132","-7.099340625159213","17.216966768843506","692907","591132","17.216966768843506","-"
"1150217","11501","8227","巨有科技","半導體業","120470","114606","44176","5.116660558784008","172.70463600144876","120470","44176","172.70463600144876","主要係本期量產收入增加所致。"
"1150217","11501","8234","新漢","電腦及週邊設備業","447406","454348","610281","-1.527903721376566","-26.688525449751836","447406","610281","-26.688525449751836","-"
"1150217","11501","8240","華宏","光電業","587900","566229","652500","3.827250105522677","-9.900383141762452","587900","652500","-9.900383141762452","-"
"1150217","11501","8255","朋程","電機機械","649711","605692","634760","7.267555127028259","2.3553784107379165","649711","634760","2.3553784107379165","-"
"1150217","11501","8272","全景軟體","資訊服務業","26824","75864","24685","-64.64199093113993","8.665181284180676","26824","24685","8.665181284180676","-"
"1150217","11501","8277","商丞","半導體業","9957","16990","12424","-41.39493819894055","-19.856728911783645","9957","12424","-19.856728911783645","-"
"1150217","11501","8279","生展","生技醫療業","129453","167653","121411","-22.785157438280258","6.623782029634876","129453","121411","6.623782029634876","-"
"1150217","11501","8284","三竹","資訊服務業","257326","278411","222855","-7.573335823656393","15.467905140113526","257326","222855","15.467905140113526","-"
"1150217","11501","8289","泰藝","電子零組件業","165506","138963","139844","19.100767830285758","18.350447641657848","165506","139844","18.350447641657848","-"
"1150217","11501","8291","尚茂","電子零組件業","133","665","132","-80.0","0.7575757575757576","133","132","0.7575757575757576","-"
"1150217","11501","8299","群聯","半導體業","10451593","8711746","3613390","19.971277858651984","189.24619263351036","10451593","3613390","189.24619263351036","係總出貨量增加"
"1150217","11501","8342","益張","其他","142560","171819","118149","-17.028966528730816","20.661198994490007","142560","118149","20.661198994490007","-"
"1150217","11501","8349","恒耀國際","鋼鐵工業","1036597","949458","990798","9.177762470799129","4.6224356528777815","1036597","990798","4.6224356528777815","-"
"1150217","11501","8354","冠好","其他","61231","57899","52293","5.7548489611219535","17.092153825559826","61231","52293","17.092153825559826","-"
"1150217","11501","8358","金居","電子零組件業","820421","750699","562253","9.287610613574815","45.916695864673024","820421","562253","45.916695864673024","-"
"1150217","11501","8383","千附","半導體業","312483","388544","285862","-19.575903887333222","9.31253541918828","312483","285862","9.31253541918828","-"
"1150217","11501","8390","金益鼎","綠能環保","541939","366422","337973","47.900235247883586","60.349791255514496","541939","337973","60.349791255514496","金屬價格上漲及高價值貴金屬(金、鉑、銀)出口量增加"
"1150217","11501","8401","白紗科","其他","141739","152399","100293","-6.994796553783162","41.324917990288455","141739","100293","41.324917990288455","-"
"1150217","11501","8403","盛弘","生技醫療業","385201","395951","351951","-2.714982409439552","9.44733783964245","385201","351951","9.44733783964245","-"
"1150217","11501","8409","商之器","生技醫療業","18718","61064","4673","-69.34691471243286","300.5563877594693","18718","4673","300.5563877594693","本期完成驗收之合約增加"
"1150217","11501","8410","森田","電腦及週邊設備業","81174","105991","60930","-23.41425215348473","33.22501230920729","81174","60930","33.22501230920729","-"
"1150217","11501","8415","大國鋼","鋼鐵工業","2124443","1711479","1906183","24.129071989781938","11.450107361150529","2124443","1906183","11.450107361150529","-"
"1150217","11501","8416","實威","資訊服務業","135413","266678","106241","-49.22228305297025","27.458325881721745","135413","106241","27.458325881721745","-"
"1150217","11501","8421","旭源","其他","98302","110253","100061","-10.839614341559868","-1.7579276641248838","98302","100061","-1.7579276641248838","-"
"1150217","11501","8423","保綠-KY","綠能環保","35055","32823","29772","6.800109679188374","17.744860943168078","35055","29772","17.744860943168078","-"
"1150217","11501","8424","惠普","建材營造","98652","94722","87641","4.14898334072338","12.563754407183852","98652","87641","12.563754407183852","-"
"1150217","11501","8426","紅木-KY","其他","244165","310082","193540","-21.257925322979084","26.157383486617753","244165","193540","26.157383486617753","-"
"1150217","11501","8431","匯鑽科","其他電子業","105258","92442","79682","13.863828130070747","32.09758791195","105258","79682","32.09758791195","-"
"1150217","11501","8432","東生華","生技醫療業","107045","105695","83811","1.2772600406830976","27.72189808020427","107045","83811","27.72189808020427","-"
"1150217","11501","8433","弘帆","居家生活","344750","424158","344534","-18.721325543783212","0.0626933771412981","344750","344534","0.0626933771412981","-"
"1150217","11501","8435","鉅邁","其他","53175","63530","47686","-16.299386116795215","11.510715933397643","53175","47686","11.510715933397643","-"
"1150217","11501","8436","大江","生技醫療業","600560","758800","535239","-20.853979968371114","12.204080793813604","600560","535239","12.204080793813604","-"
"1150217","11501","8437","大地-KY","其他","11905","14609","10534","-18.509138202477924","13.014999050692994","11905","10534","13.014999050692994","-"
"1150217","11501","8440","綠電","綠能環保","61399","62069","69910","-1.0794438447534196","-12.174224002288657","61399","69910","-12.174224002288657","-"
"1150217","11501","8444","綠河-KY","其他","219946","220224","352245","-0.12623510607381574","-37.55880140243296","219946","352245","-37.55880140243296","-"
"1150217","11501","8446","華研","文化創意業","80800","84413","78339","-4.280146422944333","3.141474872030534","80800","78339","3.141474872030534","-"
"1150217","11501","8450","霹靂","文化創意業","24550","20837","22597","17.819263809569517","8.642740186750453","24550","22597","8.642740186750453","-"
"1150217","11501","8455","大拓-KY","其他電子業","71807","91098","83966","-21.176096072361634","-14.480861301002786","71807","83966","-14.480861301002786","-"
"1150217","11501","8472","夠麻吉","數位雲端","28530","41289","21818","-30.90169294485214","30.763589696580805","28530","21818","30.763589696580805","-"
"1150217","11501","8477","創業家","數位雲端","30728","25920","48013","18.549382716049383","-36.00066648616","30728","48013","-36.00066648616","-"
"1150217","11501","8489","三貝德","其他","160492","185459","104826","-13.462274680657181","53.103237746360634","160492","104826","53.103237746360634","主要係因今年取得弋果文化及極上教育兩家公司股權，若扣除此兩家公司本月營收，則本月營收僅增加0.5%"
"1150217","11501","8905","裕國","其他","177965","173509","194073","2.5681664928044077","-8.299969599068392","177965","194073","-8.299969599068392","-"
"1150217","11501","8906","花王","其他","27943","19473","20914","43.49612283674832","33.60906569761882","27943","20914","33.60906569761882","-"
"1150217","11501","8908","欣雄","油電燃氣業","826005","849487","769708","-2.7642565454209422","7.314072349514361","826005","769708","7.314072349514361","-"
"1150217","11501","8916","光隆","其他","487001","773475","521957","-37.03726687998966","-6.697103401238033","487001","521957","-6.697103401238033","-"
"1150217","11501","8917","欣泰","油電燃氣業","278027","287561","257459","-3.3154704567030997","7.988844825778085","278027","257459","7.988844825778085","-"
"1150217","11501","8921","沈氏","其他","54370","70199","49633","-22.548754255758627","9.54405335160075","54370","49633","9.54405335160075","-"
"1150217","11501","8923","時報","文化創意業","37894","36324","48882","4.322211210219139","-22.478621987643713","37894","48882","-22.478621987643713","-"
"1150217","11501","8924","大田","運動休閒","409688","425204","308717","-3.6490719748638303","32.706653666626714","409688","308717","32.706653666626714","-"
"1150217","11501","8927","北基","油電燃氣業","1052467","823958","784826","27.73308833702689","34.10195380886974","1052467","784826","34.10195380886974","-"
"1150217","11501","8928","鉅明","運動休閒","248304","328911","352359","-24.50723752018023","-29.53096132069849","248304","352359","-29.53096132069849","-"
"1150217","11501","8929","富堡","其他","64456","68013","59289","-5.229882522458942","8.714938690144884","64456","59289","8.714938690144884","-"
"1150217","11501","8930","青鋼","鋼鐵工業","132791","124976","83563","6.253200614517987","58.91124062084894","132791","83563","58.91124062084894","較去年同期營業天數長"
"1150217","11501","8931","大汽電","油電燃氣業","235196","190724","186253","23.31746397936285","26.2776975404423","235196","186253","26.2776975404423","-"
"1150217","11501","8932","智通*","其他","199986","184816","152904","8.208163795342395","30.79186940825616","199986","152904","30.79186940825616","-"
"1150217","11501","8933","愛地雅","運動休閒","117226","147907","250273","-20.743440134679226","-53.160748462678754","117226","250273","-53.160748462678754","客戶訂單減少。"
"1150217","11501","8935","邦泰","其他","41589","39172","40301","6.170223629122843","3.1959504726929855","41589","40301","3.1959504726929855","-"
"1150217","11501","8936","國統","其他","657031","655383","506177","0.2514560188469948","29.802618451648335","657031","506177","29.802618451648335","-"
"1150217","11501","8937","合騏","其他","2283","5135","9474","-55.54040895813048","-75.9024699176694","2283","9474","-75.9024699176694","市場需求疲軟 , 訂單量減少"
"1150217","11501","8938","明安","運動休閒","1720821","1680533","1743601","2.397334655136198","-1.3064915654441585","1720821","1743601","-1.3064915654441585","-"
"1150217","11501","8941","關中","居家生活","224922","250108","204986","-10.070049738512962","9.72554223215244","224922","204986","9.72554223215244","-"
"1150217","11501","8942","森鉅","其他","135196","115861","420111","16.68810039616437","-67.81898117402305","135196","420111","-67.81898117402305","北美市場因關稅因素，需求下降，以致營業額減少。"
"1150217","11501","9949","琉園","文化創意業","13466","15980","12759","-15.732165206508135","5.541186613370954","13466","12759","5.541186613370954","-"
"1150217","11501","9950","萬國通","塑膠工業","225022","202839","218855","10.936259792249025","2.8178474332320484","225022","218855","2.8178474332320484","-"
"1150217","11501","9951","皇田","電機機械","581042","555355","509930","4.625329744037598","13.945443492244033","581042","509930","13.945443492244033","-"
"1150217","11501","9960","邁達康","運動休閒","60008","74661","48721","-19.626043047909885","23.166601670737464","60008","48721","23.166601670737464","-"
"1150217","11501","9962","有益","鋼鐵工業","123906","160066","234664","-22.590681343945622","-47.19854771076944","123906","234664","-47.19854771076944","-"
