出表日期,資料年月,公司代號,公司名稱,產業別,營業收入-當月營收,營業收入-上月營收,營業收入-去年當月營收,營業收入-上月比較增減(%),營業收入-去年同月增減(%),累計營業收入-當月累計營收,累計營業收入-去年累計營收,累計營業收入-前期比較增減(%),備註
"1150217","11501","1101","台泥","水泥工業","12252892","14219975","12213350","-13.833238103442516","0.32376047521769213","12252892","12213350","0.32376047521769213","-"
"1150217","11501","1102","亞泥","水泥工業","5986964","6172608","5877674","-3.0075455949899945","1.8594090111156216","5986964","5877674","1.8594090111156216","-"
"1150217","11501","1103","嘉泥","水泥工業","256819","274867","268003","-6.566084688231036","-4.17308761469088","256819","268003","-4.17308761469088","-"
"1150217","11501","1104","環泥","水泥工業","718229","779128","687804","-7.816302327730488","4.42349855482085","718229","687804","4.42349855482085","-"
"1150217","11501","1108","幸福","水泥工業","374664","373043","448229","0.43453435662912854","-16.412369570018896","374664","448229","-16.412369570018896","-"
"1150217","11501","1109","信大","水泥工業","373777","415638","304555","-10.071504530384614","22.728899541954654","373777","304555","22.728899541954654","-"
"1150217","11501","1110","東泥","水泥工業","198691","236192","236789","-15.877337081696247","-16.08942982993298","198691","236789","-16.08942982993298","-"
"1150217","11501","1201","味全","食品工業","1676231","1670916","1913014","0.3180890002848737","-12.37748390759294","1676231","1913014","-12.37748390759294","-"
"1150217","11501","1203","味王","食品工業","461815","435027","540262","6.157778712585656","-14.520177247335551","461815","540262","-14.520177247335551","-"
"1150217","11501","1210","大成","食品工業","9726934","9592082","8684590","1.4058678814463845","12.002224630063134","9726934","8684590","12.002224630063134","-"
"1150217","11501","1213","大飲","食品工業","24751","20948","22379","18.154477754439565","10.599222485365745","24751","22379","10.599222485365745","-"
"1150217","11501","1215","卜蜂","食品工業","2634849","2749915","2331017","-4.184347516195955","13.034310775082293","2634849","2331017","13.034310775082293","-"
"1150217","11501","1216","統一","食品工業","66104462","52311321","65755516","26.367410985472915","0.5306718298735577","66104462","65755516","0.5306718298735577","-"
"1150217","11501","1217","愛之味","食品工業","462021","314958","469134","46.69289238565142","-1.5161979306552074","462021","469134","-1.5161979306552074","-"
"1150217","11501","1218","泰山","食品工業","943672","832865","887717","13.304317026168707","6.303247543980795","943672","887717","6.303247543980795","-"
"1150217","11501","1219","福壽","食品工業","1271934","1332578","1178879","-4.550878072428031","7.893515789152237","1271934","1178879","7.893515789152237","-"
"1150217","11501","1220","台榮","食品工業","288493","308992","218906","-6.63415234051367","31.78853023672261","288493","218906","31.78853023672261","-"
"1150217","11501","1225","福懋油","食品工業","1313398","1130151","1090255","16.214381971966578","20.467046700083927","1313398","1090255","20.467046700083927","-"
"1150217","11501","1227","佳格","食品工業","3796317","2774103","3268631","36.848451553529195","16.143945278619704","3796317","3268631","16.143945278619704","-"
"1150217","11501","1229","聯華","食品工業","996429","1367820","864201","-27.15203754880028","15.300607150419868","996429","864201","15.300607150419868","-"
"1150217","11501","1231","聯華食","食品工業","1271114","1303204","1289469","-2.4623926875608118","-1.423454150506914","1271114","1289469","-1.423454150506914","-"
"1150217","11501","1232","大統益","食品工業","2213265","1993530","1828340","11.022407488224406","21.05325048951508","2213265","1828340","21.05325048951508","-"
"1150217","11501","1233","天仁","食品工業","198102","202853","220238","-2.3420900849383544","-10.050944886895087","198102","220238","-10.050944886895087","-"
"1150217","11501","1234","黑松","食品工業","794428","640539","842531","24.024922760362756","-5.709344819359762","794428","842531","-5.709344819359762","-"
"1150217","11501","1235","興泰","食品工業","23862","11362","8607","110.0158422812885","177.2394562565354","23862","8607","177.2394562565354","泰宇網通累計1月營收較去年同期增加 15,233仟元"
"1150217","11501","1236","宏亞","食品工業","303656","196864","295078","54.246586475942784","2.9070279722649603","303656","295078","2.9070279722649603","-"
"1150217","11501","1256","鮮活果汁-KY","食品工業","448137","408763","328850","9.63247652062442","36.27398509958948","448137","328850","36.27398509958948","-"
"1150217","11501","1301","台塑","塑膠工業","13891082","14304735","13980022","-2.8917208183164527","-0.636193562499401","13891082","13980022","-0.636193562499401","-"
"1150217","11501","1303","南亞","塑膠工業","22872625","22097720","20458289","3.5067192452434006","11.801260603953732","22872625","20458289","11.801260603953732","-"
"1150217","11501","1304","台聚","塑膠工業","3583459","3416559","3685781","4.885031986861635","-2.776128044504001","3583459","3685781","-2.776128044504001","-"
"1150217","11501","1305","華夏","塑膠工業","806175","656140","775346","22.866309019416587","3.976160320682637","806175","775346","3.976160320682637","-"
"1150217","11501","1307","三芳","塑膠工業","1151903","799144","959988","44.14210705454837","19.991395725779906","1151903","959988","19.991395725779906","-"
"1150217","11501","1308","亞聚","塑膠工業","448082","494254","437450","-9.341755453673617","2.430449194193622","448082","437450","2.430449194193622","-"
"1150217","11501","1309","台達化","塑膠工業","1135298","1042274","1285028","8.92510030951554","-11.651886184581192","1135298","1285028","-11.651886184581192","-"
"1150217","11501","1310","台苯","塑膠工業","705741","535318","877555","31.835843367867323","-19.57871586396294","705741","877555","-19.57871586396294","-"
"1150217","11501","1312","國喬","塑膠工業","2321933","2356924","1259065","-1.4846045099460143","84.41724613105757","2321933","1259065","84.41724613105757","114年三月重要子公司開始投產銷售，不論單月營收或累計營收，均較去年同期增加，惟國際經濟環境仍紛擾，市場利差不如預期。"
"1150217","11501","1313","聯成","塑膠工業","5300917","5084497","4384870","4.256468240614558","20.891086850921464","5300917","4384870","20.891086850921464","-"
"1150217","11501","1314","中石化","塑膠工業","1589699","1347475","2362119","17.976140559194047","-32.700300027221324","1589699","2362119","-32.700300027221324","-"
"1150217","11501","1315","達新","塑膠工業","126246","174011","202243","-27.449414117498318","-37.5770731249042","126246","202243","-37.5770731249042","-"
"1150217","11501","1316","上曜","建材營造","718541","630347","215458","13.991341277106102","233.4946950217676","718541","215458","233.4946950217676","主因子公司營收上升，致本月及本年度營收較去年同期增加。"
"1150217","11501","1319","東陽","汽車工業","2150642","2093315","2230027","2.738574939748676","-3.5598223698636833","2150642","2230027","-3.5598223698636833","-"
"1150217","11501","1321","大洋","塑膠工業","330086","284182","326211","16.153028692879914","1.1878814632247225","330086","326211","1.1878814632247225","-"
"1150217","11501","1323","永裕","塑膠工業","179252","162846","189115","10.074548960367464","-5.215345160352166","179252","189115","-5.215345160352166","-"
"1150217","11501","1324","地球","塑膠工業","59958","66089","54847","-9.276884201606924","9.318650062902256","59958","54847","9.318650062902256","-"
"1150217","11501","1325","恆大","塑膠工業","24322","19061","29223","27.60086039557211","-16.771036512336174","24322","29223","-16.771036512336174","-"
"1150217","11501","1326","台化","塑膠工業","25040014","21972816","24019167","13.959057409846785","4.2501349026800135","25040014","24019167","4.2501349026800135","-"
"1150217","11501","1337","再生-KY","塑膠工業","54359","61227","75613","-11.217273425122903","-28.108923068784467","54359","75613","-28.108923068784467","-"
"1150217","11501","1338","廣華-KY","汽車工業","416618","429562","451076","-3.0133019214921246","-7.639067474217205","416618","451076","-7.639067474217205","-"
"1150217","11501","1339","昭輝","汽車工業","144002","131948","156019","9.13541698244763","-7.702267031579487","144002","156019","-7.702267031579487","-"
"1150217","11501","1340","勝悅-KY","塑膠工業","2967","3200","16514","-7.28125","-82.03342618384401","2967","16514","-82.03342618384401","由於受市場低迷影響，EVO膠粒銷售持續虧損，故公司調整營運，並暫停該車間生產營運，致營收下滑。"
"1150217","11501","1341","富林-KY","塑膠工業","248122","242554","234302","2.2955712954641028","5.898370479125232","248122","234302","5.898370479125232","-"
"1150217","11501","1342","八貫","其他","301479","355361","255022","-15.16260929027102","18.216859721906346","301479","255022","18.216859721906346","-"
"1150217","11501","1402","遠東新","紡織纖維","21993415","23787210","22045002","-7.54100628026574","-0.2340076902692048","21993415","22045002","-0.2340076902692048","-"
"1150217","11501","1409","新纖","紡織纖維","3334219","3085248","3387023","8.06972405459788","-1.5590091948002716","3334219","3387023","-1.5590091948002716","-"
"1150217","11501","1410","南染","紡織纖維","14210","14249","11987","-0.2737034177837041","18.545090514724286","14210","11987","18.545090514724286","-"
"1150217","11501","1413","宏洲","紡織纖維","144951","154304","196446","-6.061411240149315","-26.213310528084055","144951","196446","-26.213310528084055","-"
"1150217","11501","1414","東和","紡織纖維","41048","40662","39790","0.9492892627022773","3.161598391555667","41048","39790","3.161598391555667","-"
"1150217","11501","1416","廣豐","其他","37712","38528","27420","-2.117940199335548","37.5346462436178","37712","27420","37.5346462436178","-"
"1150217","11501","1417","嘉裕","紡織纖維","30235","31994","19960","-5.497905857348253","51.47795591182365","30235","19960","51.47795591182365","本月營收較去年同期增加，主要係工作天數差異。去年同期農曆春節落在1月，工作日較少；本月工作日較多，帶動團制業務出貨量提升"
"1150217","11501","1418","東華","紡織纖維","613","17","679","3505.8823529411766","-9.720176730486008","613","679","-9.720176730486008","-"
"1150217","11501","1419","新紡","紡織纖維","509836","585763","337096","-12.962068276760396","51.24356266464152","509836","337096","51.24356266464152","客戶訂單量增加"
"1150217","11501","1423","利華","紡織纖維","5852","7798","6712","-24.95511669658887","-12.812872467222885","5852","6712","-12.812872467222885","-"
"1150217","11501","1432","大魯閣","運動休閒","65998","111500","122375","-40.808968609865474","-46.06905005107252","65998","122375","-46.06905005107252","-"
"1150217","11501","1434","福懋","紡織纖維","2426027","2275014","2308607","6.63789321736042","5.086184006199409","2426027","2308607","5.086184006199409","-"
"1150217","11501","1435","中福","其他","498","499","498","-0.20040080160320642","0.0","498","498","0.0","-"
"1150217","11501","1436","華友聯","建材營造","23389","134322","145745","-82.5873646908176","-83.95210813406977","23389","145745","-83.95210813406977","本月及累計營收較去年同期減少，係今年交屋數量較去年同期減少所致。"
"1150217","11501","1437","勤益控","其他","66341","68966","55320","-3.806223356436505","19.922270426608822","66341","55320","19.922270426608822","-"
"1150217","11501","1438","三地開發","建材營造","178785","270545","0","-33.91672365040936","","178785","0","","本月較去年同期增加，係本月建案交屋認列收入所致。"
"1150217","11501","1439","雋揚","建材營造","5180","274347","4195","-98.11188021009889","23.480333730631706","5180","4195","23.480333730631706","-"
"1150217","11501","1440","南紡","紡織纖維","1103124","1156698","1314202","-4.631632457218738","-16.061305644033414","1103124","1314202","-16.061305644033414","-"
"1150217","11501","1441","大東","紡織纖維","117500","126517","134774","-7.127105448279678","-12.817012183358807","117500","134774","-12.817012183358807","-"
"1150217","11501","1442","名軒","建材營造","144424","256592","339047","-43.71453513749454","-57.40295593236336","144424","339047","-57.40295593236336","本月認收13戶，去年同期認收28戶；本年累計認收13戶，去年累計認收28戶，故兩期差異大。"
"1150217","11501","1443","立益物流","其他","76886","77201","85271","-0.40802580277457545","-9.83335483341347","76886","85271","-9.83335483341347","-"
"1150217","11501","1444","力麗","紡織纖維","527231","544906","631626","-3.243678726239021","-16.527976999046903","527231","631626","-16.527976999046903","-"
"1150217","11501","1445","大宇","紡織纖維","73686","65402","79857","12.66627931867527","-7.727563018896277","73686","79857","-7.727563018896277","-"
"1150217","11501","1446","宏和","紡織纖維","6715","8724","143087","-23.028427326914258","-95.30705095501338","6715","143087","-95.30705095501338","本月營建無認列收入"
"1150217","11501","1447","力鵬","紡織纖維","2477005","1895903","2368662","30.650407747653755","4.574016892237052","2477005","2368662","4.574016892237052","-"
"1150217","11501","1449","佳和","紡織纖維","228333","482486","207114","-52.675725306019245","10.245082418378285","228333","207114","10.245082418378285","-"
"1150217","11501","1451","年興","紡織纖維","550618","535664","458452","2.7916753785955377","20.10374041339115","550618","458452","20.10374041339115","-"
"1150217","11501","1452","宏益","紡織纖維","91925","101890","105403","-9.780155069192267","-12.787112321281178","91925","105403","-12.787112321281178","-"
"1150217","11501","1453","大將","建材營造","126","126","124","0.0","1.6129032258064515","126","124","1.6129032258064515","-"
"1150217","11501","1454","台富","紡織纖維","108456","137106","117467","-20.8962408647324","-7.671090604169682","108456","117467","-7.671090604169682","無"
"1150217","11501","1455","集盛","紡織纖維","417747","403214","547969","3.6042895335975436","-23.764483027324538","417747","547969","-23.764483027324538","-"
"1150217","11501","1456","怡華","建材營造","50441","99865","33446","-49.490812597005956","50.81325121090713","50441","33446","50.81325121090713","本月認列建設收入較去年本月增加所致"
"1150217","11501","1457","宜進","紡織纖維","218095","211614","284681","3.0626518094265975","-23.389688809579845","218095","284681","-23.389688809579845","-"
"1150217","11501","1459","聯發","紡織纖維","82826","74746","98437","10.809943006983652","-15.85887420380548","82826","98437","-15.85887420380548","-"
"1150217","11501","1460","宏遠","紡織纖維","662268","771403","683189","-14.14759859632384","-3.0622565644353172","662268","683189","-3.0622565644353172","-"
"1150217","11501","1463","強盛新","紡織纖維","27016","19310","450723","39.90678404971517","-94.00607468445142","27016","450723","-94.00607468445142","子公司保強建設房屋售出入帳"
"1150217","11501","1464","得力","紡織纖維","1061584","1123593","1036037","-5.518813306953675","2.4658385752632386","1061584","1036037","2.4658385752632386","-"
"1150217","11501","1465","偉全","紡織纖維","43758","31554","42887","38.67655447803765","2.030918460139436","43758","42887","2.030918460139436","-"
"1150217","11501","1466","聚隆","紡織纖維","194990","240567","223697","-18.94565755070313","-12.832983902332172","194990","223697","-12.832983902332172","-"
"1150217","11501","1467","南緯","紡織纖維","345912","442747","372010","-21.871407372607834","-7.015402811752372","345912","372010","-7.015402811752372","-"
"1150217","11501","1468","昶和","紡織纖維","74788","59766","55590","25.13469196533146","34.534988307249506","74788","55590","34.534988307249506","-"
"1150217","11501","1470","大統新創","紡織纖維","73862","87108","67897","-15.206410433025669","8.785366069193042","73862","67897","8.785366069193042","-"
"1150217","11501","1471","首利","電子零組件業","10320","10886","17875","-5.199338600036745","-42.26573426573427","10320","17875","-42.26573426573427","-"
"1150217","11501","1472","三洋實業","建材營造","336469","320728","336700","4.907897034247088","-0.06860706860706861","336469","336700","-0.06860706860706861","本公司以專案收入為主要營收，因各財務報表期間所認列專案別不同，使得營業收入同期比較不具相同基礎，此為本公司營業特性。"
"1150217","11501","1473","台南","紡織纖維","696586","470114","788461","48.173847194510266","-11.652446982158915","696586","788461","-11.652446982158915","-"
"1150217","11501","1474","弘裕","紡織纖維","239437","262667","218813","-8.843897406221565","9.42539977058036","239437","218813","9.42539977058036","-"
"1150217","11501","1475","業旺","紡織纖維","129122","136128","135817","-5.146626704278327","-4.929427096755193","129122","135817","-4.929427096755193","-"
"1150217","11501","1476","儒鴻","紡織纖維","3581621","3300238","3330196","8.526142660014218","7.5498559243960415","3581621","3330196","7.5498559243960415","-"
"1150217","11501","1477","聚陽","紡織纖維","2828261","3204380","3500665","-11.737652837678427","-19.20789335740495","2828261","3500665","-19.20789335740495","-"
"1150217","11501","1503","士電","電機機械","4483948","4072311","4248122","10.108191638605204","5.551300080364924","4483948","4248122","5.551300080364924","-"
"1150217","11501","1504","東元","電機機械","4643699","5662223","4303352","-17.988058753602605","7.908881262792353","4643699","4303352","7.908881262792353","-"
"1150217","11501","1506","正道","電機機械","95635","80275","74550","19.13422609778885","28.283031522468143","95635","74550","28.283031522468143","-"
"1150217","11501","1512","瑞利","汽車工業","108137","108275","128775","-0.12745324405449088","-16.026402640264028","108137","128775","-16.026402640264028","-"
"1150217","11501","1513","中興電","電機機械","2133688","2564559","1929217","-16.80097825786032","10.59865219931195","2133688","1929217","10.59865219931195","-"
"1150217","11501","1514","亞力","電機機械","965888","1223463","571823","-21.052945614211463","68.91380724454945","965888","571823","68.91380724454945","主因:台電強韌電網計劃及半導體產業建廠需求較去年同期大幅成長所致."
"1150217","11501","1515","力山","電機機械","450296","555964","335834","-19.006266592800973","34.08291000911164","450296","335834","34.08291000911164","客戶庫存管理減少採購量"
"1150217","11501","1516","川飛","其他","4909","4723","5030","3.938174888841838","-2.405566600397614","4909","5030","-2.405566600397614","-"
"1150217","11501","1517","利奇","電機機械","181152","183763","178660","-1.420851858099835","1.3948281652300458","181152","178660","1.3948281652300458","-"
"1150217","11501","1519","華城","電機機械","1356774","3888791","1275049","-65.11064749944134","6.409557593472878","1356774","1275049","6.409557593472878","-"
"1150217","11501","1521","大億","汽車工業","369747","316032","257079","16.996696537059538","43.82621684384956","369747","257079","43.82621684384956","-"
"1150217","11501","1522","堤維西","汽車工業","2307740","2800356","1684207","-17.591191977020063","37.022349390544036","2307740","1684207","37.022349390544036","-"
"1150217","11501","1524","耿鼎","汽車工業","211582","271962","210492","-22.201631110228636","0.5178344070083424","211582","210492","0.5178344070083424","-"
"1150217","11501","1525","江申","汽車工業","101473","124588","74167","-18.553151186310078","36.81691318241266","101473","74167","36.81691318241266","-"
"1150217","11501","1526","日馳","電機機械","55083","59074","60941","-6.75593323627992","-9.612576098193335","55083","60941","-9.612576098193335","-"
"1150217","11501","1527","鑽全","電機機械","240478","188483","293324","27.58604224253646","-18.016255062661084","240478","293324","-18.016255062661084","-"
"1150217","11501","1528","恩德","電機機械","250494","210545","173640","18.974091049419364","44.260539046302696","250494","173640","44.260539046302696","-"
"1150217","11501","1529","樂事綠能","電機機械","156851","121570","41581","29.021140083902278","277.2179601260191","156851","41581","277.2179601260191","本期因台電交貨及客戶之儲能案配電盤銷貨,故較去年同期增幅大"
"1150217","11501","1530","亞崴","電機機械","141251","184549","206986","-23.461519704793847","-31.75818654401747","141251","206986","-31.75818654401747","-"
"1150217","11501","1531","高林股","電機機械","117207","133712","135929","-12.343693909297595","-13.77336697834899","117207","135929","-13.77336697834899","-"
"1150217","11501","1532","勤美","電機機械","1082068","1017860","1068173","6.308136678914585","1.300819249316356","1082068","1068173","1.300819249316356","-"
"1150217","11501","1533","車王電","汽車工業","390258","332837","265409","17.251988210445354","47.04022847755728","390258","265409","47.04022847755728","-"
"1150217","11501","1535","中宇","電機機械","630751","910342","821315","-30.712743122914244","-23.202303622848724","630751","821315","-23.202303622848724","-"
"1150217","11501","1536","和大","汽車工業","397882","361269","377449","10.134553476772156","5.413446584836627","397882","377449","5.413446584836627","-"
"1150217","11501","1537","廣隆","電機機械","618676","557114","649163","11.050162085318265","-4.696355152712031","618676","649163","-4.696355152712031","-"
"1150217","11501","1538","正峰","電機機械","4606","9989","8910","-53.88927820602663","-48.305274971941635","4606","8910","-48.305274971941635","-"
"1150217","11501","1539","巨庭","電機機械","92097","78913","150123","16.707006450141296","-38.65230510980996","92097","150123","-38.65230510980996","-"
"1150217","11501","1540","喬福","電機機械","36298","29325","53499","23.77834612105712","-32.1520028411746","36298","53499","-32.1520028411746","-"
"1150217","11501","1541","錩泰","電機機械","248105","224189","323932","10.66778477088528","-23.408307916476296","248105","323932","-23.408307916476296","-"
"1150217","11501","1558","伸興","電機機械","719888","516979","783818","39.248983034127114","-8.156230145263313","719888","783818","-8.156230145263313","-"
"1150217","11501","1560","中砂","電機機械","752917","735634","565808","2.349402012413782","33.069345078189066","752917","565808","33.069345078189066","-"
"1150217","11501","1563","巧新","汽車工業","637198","469209","597608","35.80259543188643","6.624743979330932","637198","597608","6.624743979330932","-"
"1150217","11501","1568","倉佑","汽車工業","73489","105505","104501","-30.345481256812473","-29.676271040468514","73489","104501","-29.676271040468514","-"
"1150217","11501","1582","信錦","電子零組件業","823187","689286","786580","19.426043761225383","4.65394492613593","823187","786580","4.65394492613593","-"
"1150217","11501","1583","程泰","電機機械","312111","380350","306298","-17.941106875246483","1.8978249939601304","312111","306298","1.8978249939601304","-"
"1150217","11501","1587","吉茂","汽車工業","292309","283295","195210","3.181842249245486","49.74079196762461","292309","195210","49.74079196762461","-"
"1150217","11501","1589","永冠-KY","電機機械","645088","701808","481634","-8.081982536534209","33.93738814120265","645088","481634","33.93738814120265","-"
"1150217","11501","1590","亞德客-KY","電機機械","3702382","3312944","2219508","11.755043248542686","66.81093287341159","3702382","2219508","66.81093287341159","本月營業收入換算匯率為4.5269972;本年累計營業收入換算匯率為4.5269972。"
"1150217","11501","1597","直得","電機機械","107622","119726","76931","-10.109750597196934","39.89419089833747","107622","76931","39.89419089833747","-"
"1150217","11501","1598","岱宇","運動休閒","475669","746675","725971","-36.295041349984935","-34.47823673397422","475669","725971","-34.47823673397422","-"
"1150217","11501","1603","華電","電器電纜","464051","570069","398270","-18.597397858855683","16.516684661159516","464051","398270","16.516684661159516","-"
"1150217","11501","1604","聲寶","電器電纜","960596","683006","1008676","40.642395528004144","-4.766644591523939","960596","1008676","-4.766644591523939","-"
"1150217","11501","1605","華新","電器電纜","13468434","15517904","14106967","-13.207131581687836","-4.526366298297855","13468434","14106967","-4.526366298297855","-"
"1150217","11501","1608","華榮","電器電纜","1181449","898175","906631","31.538842653157793","30.31200124416659","1181449","906631","30.31200124416659","-"
"1150217","11501","1609","大亞","電器電纜","3019759","2627306","2140362","14.937468265972825","41.08636763313869","3019759","2140362","41.08636763313869","-"
"1150217","11501","1611","中電","電器電纜","95312","87070","94349","9.465946939244287","1.0206785445526714","95312","94349","1.0206785445526714","-"
"1150217","11501","1612","宏泰","電器電纜","730018","503375","518153","45.024683387136825","40.88850204476284","730018","518153","40.88850204476284","-"
"1150217","11501","1614","三洋電","電器電纜","461407","366076","499830","26.04131382554442","-7.687213652641899","461407","499830","-7.687213652641899","-"
"1150217","11501","1615","大山","電器電纜","389320","504432","277591","-22.82012243473848","40.24950376633248","389320","277591","40.24950376633248","-"
"1150217","11501","1616","億泰","電器電纜","577471","319913","365084","80.50876332002763","58.17483099779777","577471","365084","58.17483099779777","本期係因訂單需求增加所致"
"1150217","11501","1617","榮星","電器電纜","321218","329288","226870","-2.4507422074293626","41.58681183056376","321218","226870","41.58681183056376","-"
"1150217","11501","1618","合機","電器電纜","703654","330626","127350","112.82476272283486","452.5355319984295","703654","127350","452.5355319984295","115年1月超高壓電纜及其附屬器材出貨較去年同期增加。"
"1150217","11501","1623","大東電","電器電纜","613933","613963","531014","-0.0048862879359179625","15.615219184428282","613933","531014","15.615219184428282","-"
"1150217","11501","1626","艾美特-KY","電器電纜","598085","369026","511099","62.071236173060974","17.01940328586047","598085","511099","17.01940328586047","-"
"1150217","11501","1702","南僑","食品工業","2104739","2010718","2169615","4.675991362289491","-2.9902079401184083","2104739","2169615","-2.9902079401184083","-"
"1150217","11501","1707","葡萄王","生技醫療業","794503","829436","696134","-4.211657077821556","14.13075643482433","794503","696134","14.13075643482433","-"
"1150217","11501","1708","東鹼","化學工業","552559","532286","445110","3.808666769368347","24.139875536384263","552559","445110","24.139875536384263","-"
"1150217","11501","1709","和益","化學工業","867400","704056","919607","23.20042723874237","-5.67709902164729","867400","919607","-5.67709902164729","-"
"1150217","11501","1710","東聯","化學工業","1796146","1639028","1834039","9.58604734025288","-2.066095650092501","1796146","1834039","-2.066095650092501","無"
"1150217","11501","1711","永光","化學工業","724301","660278","642466","9.696370316745371","12.737639034594826","724301","642466","12.737639034594826","-"
"1150217","11501","1712","興農","化學工業","1528811","1467346","1629857","4.188855252953291","-6.199685003040144","1528811","1629857","-6.199685003040144","-"
"1150217","11501","1713","國化","化學工業","30646","46266","34656","-33.76129339039468","-11.570867959372114","30646","34656","-11.570867959372114","-"
"1150217","11501","1714","和桐","化學工業","2631806","2680334","1666221","-1.810520629145472","57.95059598936756","2631806","1666221","57.95059598936756","營收增加主要係因去年一月受春節因素影響，工作日較少及本年度產品銷量增加及銷售單價提升所致。"
"1150217","11501","1717","長興","化學工業","3889579","3723693","3325017","4.454878530534069","16.979221459619605","3889579","3325017","16.979221459619605","-"
"1150217","11501","1718","中纖","化學工業","4642034","3547315","3940591","30.86049589619191","17.80045175964722","4642034","3940591","17.80045175964722","本月份自結異業別合併營收資訊，未經會計師簽證或核閱。"
"1150217","11501","1720","生達","生技醫療業","614864","565825","527457","8.66681394424071","16.571398237202274","614864","527457","16.571398237202274","-"
"1150217","11501","1721","三晃","化學工業","150415","192639","150783","-21.918718431885548","-0.2440593435599504","150415","150783","-0.2440593435599504","-"
"1150217","11501","1722","台肥","化學工業","1415330","810828","1150434","74.55366612894473","23.025745066644415","1415330","1150434","23.025745066644415","-"
"1150217","11501","1723","中碳","化學工業","335219","498829","598662","-32.798814824318555","-44.00529848228216","335219","598662","-44.00529848228216","-"
"1150217","11501","1725","元禎","化學工業","754802","609084","712676","23.924122124370367","5.91096094157794","754802","712676","5.91096094157794","-"
"1150217","11501","1726","永記","化學工業","975160","857851","849307","13.674752375412513","14.818316580459127","975160","849307","14.818316580459127","-"
"1150217","11501","1727","中華化","化學工業","118805","159463","131620","-25.4968237145921","-9.736362254976447","118805","131620","-9.736362254976447","-"
"1150217","11501","1730","花仙子","化學工業","309332","183864","315828","68.2395683766262","-2.0568157351469787","309332","315828","-2.0568157351469787","-"
"1150217","11501","1731","美吾華","生技醫療業","187249","145647","179781","28.563581810816565","4.153942852692999","187249","179781","4.153942852692999","-"
"1150217","11501","1732","毛寶","化學工業","62467","54863","56916","13.859978491879772","9.752969288073652","62467","56916","9.752969288073652","-"
"1150217","11501","1733","五鼎","生技醫療業","200067","142998","169730","39.908949775521336","17.87368172980616","200067","169730","17.87368172980616","-"
"1150217","11501","1734","杏輝","生技醫療業","312756","322467","266339","-3.0114709412125893","17.427789396220607","312756","266339","17.427789396220607","-"
"1150217","11501","1735","日勝化","化學工業","223004","203138","185044","9.779558723626304","20.514039904022827","223004","185044","20.514039904022827","-"
"1150217","11501","1736","喬山","運動休閒","3856648","8803819","3356709","-56.19346558578726","14.89372477626151","3856648","3356709","14.89372477626151","-"
"1150217","11501","1737","臺鹽","食品工業","277168","285940","327834","-3.0677764565992867","-15.454772842353142","277168","327834","-15.454772842353142","-"
"1150217","11501","1752","南光","生技醫療業","211841","177019","195802","19.67133471548252","8.19143828970082","211841","195802","8.19143828970082","-"
"1150217","11501","1760","寶齡富錦","生技醫療業","136792","179961","110074","-23.987975172398464","24.27276196013591","136792","110074","24.27276196013591","-"
"1150217","11501","1762","中化生","生技醫療業","126909","57917","90643","119.1221921024915","40.0097084165352","126909","90643","40.0097084165352","-"
"1150217","11501","1773","勝一","化學工業","1019226","964751","793138","5.646534701700231","28.505505977522198","1019226","793138","28.505505977522198","-"
"1150217","11501","1776","展宇","化學工業","91183","98570","77173","-7.494166582124379","18.154017596827906","91183","77173","18.154017596827906","-"
"1150217","11501","1783","和康生","生技醫療業","72964","92879","67611","-21.441875989190237","7.917350726952715","72964","67611","7.917350726952715","-"
"1150217","11501","1786","科妍","生技醫療業","75396","94213","75039","-19.97282752910957","0.4757526086435054","75396","75039","0.4757526086435054","-"
"1150217","11501","1789","神隆","生技醫療業","127007","488272","207590","-73.98847363764459","-38.81834385085987","127007","207590","-38.81834385085987","-"
"1150217","11501","1795","美時","生技醫療業","2051959","2442093","2171345","-15.9753948764441","-5.498251084005536","2051959","2171345","-5.498251084005536","-"
"1150217","11501","1802","台玻","玻璃陶瓷","3668041","3741234","3119843","-1.9563865826088398","17.571332916432013","3668041","3119843","17.571332916432013","-"
"1150217","11501","1805","寶徠","建材營造","115","187429","47678","-99.93864343297996","-99.75879860732414","115","47678","-99.75879860732414","去年營收較高主要係認列松雍案收入所致。"
"1150217","11501","1806","冠軍","玻璃陶瓷","288208","179295","266332","60.745140689924426","8.213808329453464","288208","266332","8.213808329453464","-"
"1150217","11501","1808","潤隆","建材營造","1537862","4053644","26287","-62.062233388033086","5750.27580172709","1537862","26287","5750.27580172709","營收變動主要係本年度完工建案已陸續過戶交屋認列房地出售收入所致。"
"1150217","11501","1809","中釉","玻璃陶瓷","231714","226330","184093","2.3788273759554635","25.867903722575004","231714","184093","25.867903722575004","-"
"1150217","11501","1810","和成","玻璃陶瓷","387491","410559","343247","-5.618680871689574","12.889843174157384","387491","343247","12.889843174157384","-"
"1150217","11501","1817","凱撒衛","玻璃陶瓷","255511","230735","202087","10.737859449151625","26.4361388906758","255511","202087","26.4361388906758","-"
"1150217","11501","1903","士紙","造紙工業","13121","13321","12758","-1.5013887846257787","2.8452735538485654","13121","12758","2.8452735538485654","-"
"1150217","11501","1904","正隆","造紙工業","3685109","3916083","3091363","-5.898087451159743","19.206608864762888","3685109","3091363","19.206608864762888","-"
"1150217","11501","1905","華紙","造紙工業","1546477","1665433","1499768","-7.142646987299999","3.1144150295245665","1546477","1499768","3.1144150295245665","-"
"1150217","11501","1906","寶隆","造紙工業","281670","291461","217991","-3.359283060169285","29.211756448660726","281670","217991","29.211756448660726","-"
"1150217","11501","1907","永豐餘","造紙工業","6510201","6673325","5810005","-2.4444186368864096","12.051555893669628","6510201","5810005","12.051555893669628","-"
"1150217","11501","1909","榮成","造紙工業","4156889","3662017","2977158","13.513645622071115","39.62607963702296","4156889","2977158","39.62607963702296","-"
"1150217","11501","2002","中鋼","鋼鐵工業","26018929","25543419","25711893","1.861575382684675","1.1941400036162253","26018929","25711893","1.1941400036162253","-"
"1150217","11501","2006","東和鋼鐵","鋼鐵工業","4972205","5050463","4406601","-1.5495213013143547","12.835380375940549","4972205","4406601","12.835380375940549","-"
"1150217","11501","2007","燁興","鋼鐵工業","410731","350746","543631","17.102119482474496","-24.44672949114381","410731","543631","-24.44672949114381","-"
"1150217","11501","2008","高興昌","鋼鐵工業","120244","122448","116089","-1.7999477329151967","3.579150479373584","120244","116089","3.579150479373584","-"
"1150217","11501","2009","第一銅","鋼鐵工業","260698","249638","166309","4.430415241269358","56.75519665201522","260698","166309","56.75519665201522","主係因出貨量增加及國際銅價上漲"
"1150217","11501","2010","春源","鋼鐵工業","2114171","1931700","1622712","9.446135528291142","30.286273842801435","2114171","1622712","30.286273842801435","-"
"1150217","11501","2012","春雨","鋼鐵工業","682533","611219","752352","11.667503791603338","-9.280097613882864","682533","752352","-9.280097613882864","-"
"1150217","11501","2013","中鋼構","鋼鐵工業","1701950","1850099","1859175","-8.007625537876622","-8.45670794841798","1701950","1859175","-8.45670794841798","-"
"1150217","11501","2014","中鴻","鋼鐵工業","1433391","1299547","1673393","10.299281211068164","-14.342237597503994","1433391","1673393","-14.342237597503994","-"
"1150217","11501","2015","豐興","鋼鐵工業","2369594","2515367","2122061","-5.795297465538826","11.664744792915943","2369594","2122061","11.664744792915943","-"
"1150217","11501","2017","官田鋼","鋼鐵工業","230229","200836","240133","14.635324344241072","-4.124381072155847","230229","240133","-4.124381072155847","-"
"1150217","11501","2020","美亞","鋼鐵工業","434879","372889","310818","16.624250111963615","39.91435502448378","434879","310818","39.91435502448378","-"
"1150217","11501","2022","聚亨","鋼鐵工業","1163764","880971","658823","32.1001485860488","76.64289194518103","1163764","658823","76.64289194518103","主要係因泰國鋼鐵內需市場回溫及地震影響對有認證之鋼筋需求增加，又受匯率變動影響，致合併營收增長"
"1150217","11501","2023","燁輝","鋼鐵工業","5754233","5078774","6155275","13.29964672576492","-6.5154197009881765","5754233","6155275","-6.5154197009881765","-"
"1150217","11501","2024","志聯","鋼鐵工業","85276","89675","72349","-4.905492054641762","17.86755863937304","85276","72349","17.86755863937304","-"
"1150217","11501","2025","千興","鋼鐵工業","165395","92957","60323","77.92635304495627","174.18231851864132","165395","60323","174.18231851864132","本月營收較去年同期增加，係受鎳價上漲、聯準會降息、中國政府管制等因素影響，客戶需求增加，使本月接單量亦相對增加。"
"1150217","11501","2027","大成鋼","鋼鐵工業","9864568","7872715","8224410","25.30071265122642","19.942561229316144","9864568","8224410","19.942561229316144","-"
"1150217","11501","2028","威致","鋼鐵工業","869110","778755","588856","11.602493723956828","47.59295990870434","869110","588856","47.59295990870434","-"
"1150217","11501","2029","盛餘","鋼鐵工業","1031413","849066","1104172","21.476186774644138","-6.589462511275417","1031413","1104172","-6.589462511275417","-"
"1150217","11501","2030","彰源","鋼鐵工業","890128","996840","852122","-10.70502788812648","4.460159460734496","890128","852122","4.460159460734496","-"
"1150217","11501","2031","新光鋼","鋼鐵工業","1594037","1209913","1292052","31.748067836282445","23.372511323073685","1594037","1292052","23.372511323073685","-"
"1150217","11501","2032","新鋼","鋼鐵工業","286737","265123","204423","8.152442451239613","40.26650621505408","286737","204423","40.26650621505408","-"
"1150217","11501","2033","佳大","鋼鐵工業","70549","65690","61630","7.396864058456386","14.471848125912706","70549","61630","14.471848125912706","-"
"1150217","11501","2034","允強","鋼鐵工業","959841","979667","1223346","-2.0237488861010937","-21.5396952293137","959841","1223346","-21.5396952293137","-"
"1150217","11501","2038","海光","鋼鐵工業","785722","874822","800736","-10.184929048423564","-1.8750249770211405","785722","800736","-1.8750249770211405","-"
"1150217","11501","2049","上銀","電機機械","2150023","2219675","1900341","-3.137936860125919","13.138799825925979","2150023","1900341","13.138799825925979","-"
"1150217","11501","2059","川湖","電子零組件業","1774956","1722455","1233439","3.048033185192066","43.903022362678655","1774956","1233439","43.903022362678655","-"
"1150217","11501","2062","橋椿","居家生活","571040","616555","465780","-7.382147578074949","22.598651723989867","571040","465780","22.598651723989867","-"
"1150217","11501","2069","運錩","鋼鐵工業","718703","934116","889837","-23.060626303371315","-19.232061602293452","718703","889837","-19.232061602293452","-"
"1150217","11501","2101","南港","橡膠工業","613518","710150","608951","-13.607266070548476","0.749978241270644","613518","608951","0.749978241270644","本公告係屬自結數，如與公告財報有所差異，請以財報為準。"
"1150217","11501","2102","泰豐","橡膠工業","16209","21407","17435","-24.28177698883543","-7.031832520791511","16209","17435","-7.031832520791511","-"
"1150217","11501","2103","台橡","橡膠工業","3699511","2682522","3315658","37.9116741633433","11.576978083988156","3699511","3315658","11.576978083988156","-"
"1150217","11501","2104","國際中橡","橡膠工業","1385530","950432","1577721","45.77897208848187","-12.1815580828296","1385530","1577721","-12.1815580828296","以上營收不包含停業部門營收:115年01月0仟元暨114年01月71仟元；115年1~1月0仟元暨114年1~1月71仟元。"
"1150217","11501","2105","正新","橡膠工業","7989133","7163003","7094410","11.533291274623227","12.611661857716145","7989133","7094410","12.611661857716145","無。"
"1150217","11501","2106","建大","橡膠工業","2858464","2552894","2914008","11.969552985748722","-1.9061032090509018","2858464","2914008","-1.9061032090509018","-"
"1150217","11501","2107","厚生","橡膠工業","101448","121668","83389","-16.6189959562087","21.65633356917579","101448","83389","21.65633356917579","-"
"1150217","11501","2108","南帝","橡膠工業","869413","835986","735182","3.9985119368027693","18.258200010337575","869413","735182","18.258200010337575","-"
"1150217","11501","2109","華豐","橡膠工業","390915","366590","401695","6.635478327286615","-2.6836281258168513","390915","401695","-2.6836281258168513","-"
"1150217","11501","2114","鑫永銓","橡膠工業","142035","150570","103246","-5.668459852560271","37.569494217693666","142035","103246","37.569494217693666","-"
"1150217","11501","2115","六暉-KY","汽車工業","306705","254917","278581","20.3156321469341","10.095448002555809","306705","278581","10.095448002555809","-"
"1150217","11501","2201","裕隆","汽車工業","5808605","6467908","6014133","-10.193450494348404","-3.4174169410619952","5808605","6014133","-3.4174169410619952","-"
"1150217","11501","2204","中華","汽車工業","3911063","2964701","2651767","31.920993044492512","47.48893850779499","3911063","2651767","47.48893850779499","-"
"1150217","11501","2206","三陽工業","汽車工業","5353865","4883450","4606803","9.632841536209032","16.216495474193273","5353865","4606803","16.216495474193273","-"
"1150217","11501","2207","和泰車","汽車工業","27711296","21770752","25986658","27.286811222689966","6.636628688460055","27711296","25986658","6.636628688460055","-"
"1150217","11501","2208","台船","航運業","2254682","1704354","1289442","32.28953609402741","74.85718628678141","2254682","1289442","74.85718628678141","累計及單月營收變動主係造船業務營收增加所致。"
"1150217","11501","2211","長榮鋼","鋼鐵工業","1003035","1170356","1290288","-14.296590097372082","-22.262704140470966","1003035","1290288","-22.262704140470966","-"
"1150217","11501","2227","裕日車","汽車工業","1287027","839399","1927320","53.3272019623564","-33.22193512234605","1287027","1927320","-33.22193512234605","-"
"1150217","11501","2228","劍麟","汽車工業","421499","394061","452384","6.962881381308986","-6.8271645327863055","421499","452384","-6.8271645327863055","營業收入係以合併營業收入申報"
"1150217","11501","2231","為升","汽車工業","317693","444139","310044","-28.469915949736457","2.4670691901794584","317693","310044","2.4670691901794584","-"
"1150217","11501","2233","宇隆","汽車工業","272103","256745","280791","5.981810746071004","-3.094116264410184","272103","280791","-3.094116264410184","-"
"1150217","11501","2236","百達-KY","汽車工業","962046","681291","913723","41.209263002153264","5.288583082619131","962046","913723","5.288583082619131","-"
"1150217","11501","2239","英利-KY","汽車工業","1568263","2143032","1794737","-26.82036479156634","-12.618784813596644","1568263","1794737","-12.618784813596644","-"
"1150217","11501","2241","艾姆勒","汽車工業","70462","102285","55417","-31.112088771569635","27.148708879946586","70462","55417","27.148708879946586","-"
"1150217","11501","2243","宏旭-KY","汽車工業","138006","349070","69855","-60.464663248059125","97.56066136998068","138006","69855","97.56066136998068","本月認列合約收入金額較去年同期大幅增加"
"1150217","11501","2247","汎德永業","汽車工業","4144337","3879907","5284311","6.815369543651433","-21.572802963338077","4144337","5284311","-21.572802963338077","-"
"1150217","11501","2248","華勝-KY","汽車工業","193806","248587","165972","-22.036952857550876","16.770298604583907","193806","165972","16.770298604583907","-"
"1150217","11501","2250","IKKA-KY","汽車工業","291416","288529","285486","1.0005926613962548","2.077159650560798","291416","285486","2.077159650560798","-"
"1150217","11501","2254","巨鎧精密-創","汽車工業","11177","20425","58690","-45.27784577723378","-80.95586982450162","11177","58690","-80.95586982450162","本&#12105;營收較去年同期營收減少，係因客&#12094;訂單減少所致。"
"1150217","11501","2258","鴻華先進-創","汽車工業","10959","192052","708477","-94.29373294732676","-98.45316079421067","10959","708477","-98.45316079421067","本年度乘用車及電動巴士較去年同期下滑。"
"1150217","11501","2301","光寶科","電腦及週邊設備業","14112349","14907047","12147361","-5.331022301063383","16.176254249791373","14112349","12147361","16.176254249791373","-"
"1150217","11501","2302","麗正","半導體業","73600","77251","74062","-4.726152412266508","-0.6238016796737869","73600","74062","-0.6238016796737869","-"
"1150217","11501","2303","聯電","半導體業","20862150","19280724","19806795","8.202109007939743","5.3282472000139345","20862150","19806795","5.3282472000139345","-"
"1150217","11501","2305","全友","電腦及週邊設備業","76045","85325","53717","-10.876062115440961","41.56598469758177","76045","53717","41.56598469758177","-"
"1150217","11501","2308","台達電","電子零組件業","49675223","53686145","37385532","-7.471056079739009","32.87285305984144","49675223","37385532","32.87285305984144","-"
"1150217","11501","2312","金寶","其他電子業","13061207","13513048","15024102","-3.3437385851067796","-13.064973866657722","13061207","15024102","-13.064973866657722","-"
"1150217","11501","2313","華通","電子零組件業","7403728","7228195","5280826","2.4284485960879585","40.20018837962092","7403728","5280826","40.20018837962092","-"
"1150217","11501","2314","台揚","通信網路業","148015","124968","93638","18.442321234235965","58.07150942993229","148015","93638","58.07150942993229","因客戶需求增加，故營收增加"
"1150217","11501","2316","楠梓電","電子零組件業","378907","382839","276282","-1.0270635959241352","37.14501849559508","378907","276282","37.14501849559508","-"
"1150217","11501","2317","鴻海","其他電子業","730039420","862861362","538665759","-15.393196155189528","35.52734841644167","730039420","538665759","35.52734841644167","-"
"1150217","11501","2321","東訊","通信網路業","52188","48312","52588","8.022851465474416","-0.7606298014756219","52188","52588","-0.7606298014756219","-"
"1150217","11501","2323","中環","光電業","753383","609857","589496","23.534369532529755","27.801206454327087","753383","589496","27.801206454327087","無"
"1150217","11501","2324","仁寶","電腦及週邊設備業","59365885","65964416","55330100","-10.003167465319484","7.294013565852945","59365885","55330100","7.294013565852945","無"
"1150217","11501","2327","國巨*","電子零組件業","13030129","12350934","10249471","5.49913876958617","27.129770892566064","13030129","10249471","27.129770892566064","-"
"1150217","11501","2328","廣宇","電子零組件業","1539577","1782094","1802046","-13.608541412518083","-14.565055498028352","1539577","1802046","-14.565055498028352","-"
"1150217","11501","2329","華泰","半導體業","1678535","1730924","1211666","-3.0266493502892096","38.531162878218915","1678535","1211666","38.531162878218915","-"
"1150217","11501","2330","台積電","半導體業","401255128","335003568","293288038","19.776374441480577","36.812646958346114","401255128","293288038","36.812646958346114","-"
"1150217","11501","2331","精英","電腦及週邊設備業","1751101","1936564","1306652","-9.576910445510709","34.0143358751986","1751101","1306652","34.0143358751986","-"
"1150217","11501","2332","友訊","通信網路業","1113806","1200194","1053862","-7.197836349790117","5.688031260259883","1113806","1053862","5.688031260259883","-"
"1150217","11501","2337","旺宏","半導體業","3017005","2632336","1992657","14.613218069425788","51.40613763432442","3017005","1992657","51.40613763432442","市場需求復甦影響。"
"1150217","11501","2338","光罩","半導體業","536652","477467","545190","12.395621058628135","-1.566059538876355","536652","545190","-1.566059538876355","-"
"1150217","11501","2340","台亞","半導體業","318333","323811","282981","-1.6917275818301416","12.492711524802019","318333","282981","12.492711524802019","-"
"1150217","11501","2342","茂矽","半導體業","165943","140998","182602","17.69174030837317","-9.1231202286941","165943","182602","-9.1231202286941","-"
"1150217","11501","2344","華邦電","半導體業","11778411","9770303","6066312","20.553180387547858","94.16098281789661","11778411","6066312","94.16098281789661","受市場供需影響。"
"1150217","11501","2345","智邦","通信網路業","21527345","26052581","12525239","-17.369626448911145","71.87173035181205","21527345","12525239","71.87173035181205","客戶需求增加"
"1150217","11501","2347","聯強","電子通路業","40697947","47025612","29209798","-13.455784477616156","39.329779000868136","40697947","29209798","39.329779000868136","-"
"1150217","11501","2348","海悅","其他","185799","824432","496970","-77.46339297843849","-62.61363865022034","185799","496970","-62.61363865022034","本月及本年度增減百分比達50％以上，係因市場環境影響。"
"1150217","11501","2349","錸德","光電業","556800","529126","466190","5.230134221338584","19.436281344516185","556800","466190","19.436281344516185","-"
"1150217","11501","2351","順德","半導體業","942907","897346","790889","5.077305743826796","19.221154928188405","942907","790889","19.221154928188405","-"
"1150217","11501","2352","佳世達","電腦及週邊設備業","17639088","19028005","16538134","-7.29933064448953","6.657063003601253","17639088","16538134","6.657063003601253","-"
"1150217","11501","2353","宏碁","電腦及週邊設備業","21077067","28539992","15073385","-26.149008731326905","39.82968656343615","21077067","15073385","39.82968656343615","-"
"1150217","11501","2354","鴻準","其他電子業","13391202","13850757","8503063","-3.317905295717772","57.486802108840074","13391202","8503063","57.486802108840074","配合客戶策略需求，訂單增加。"
"1150217","11501","2355","敬鵬","電子零組件業","1414441","1324782","1235409","6.767830480788537","14.491718936805544","1414441","1235409","14.491718936805544","-"
"1150217","11501","2356","英業達","電腦及週邊設備業","61812811","64350236","45841662","-3.9431479318894804","34.83981230872476","61812811","45841662","34.83981230872476","-"
"1150217","11501","2357","華碩","電腦及週邊設備業","67935513","69711805","37747542","-2.548050505936548","79.97334237021313","67935513","37747542","79.97334237021313","受伺服器市場需求成長所致。"
"1150217","11501","2359","所羅門","其他電子業","362450","330461","321718","9.680113538360049","12.660777451059623","362450","321718","12.660777451059623","-"
"1150217","11501","2360","致茂","其他電子業","3826300","3646677","2223259","4.925662459274567","72.1032052495908","3826300","2223259","72.1032052495908","訂單能見度高、營運續強"
"1150217","11501","2362","藍天","電腦及週邊設備業","1855134","1588036","1346876","16.819392003707726","37.7360647899287","1855134","1346876","37.7360647899287","-"
"1150217","11501","2363","矽統","半導體業","424573","255412","156332","66.23063912423848","171.58419261571527","424573","156332","171.58419261571527","季節性影響"
"1150217","11501","2364","倫飛","電腦及週邊設備業","117883","90366","137327","30.450611955824094","-14.158905386413451","117883","137327","-14.158905386413451","-"
"1150217","11501","2365","昆盈","電腦及週邊設備業","73183","107961","66995","-32.213484499032056","9.236510187327413","73183","66995","9.236510187327413","-"
"1150217","11501","2367","燿華","電子零組件業","1409727","1291761","1335665","9.132184668835798","5.544953262981362","1409727","1335665","5.544953262981362","-"
"1150217","11501","2368","金像電","電子零組件業","6015659","5246301","3569192","14.664770473520296","68.54400099518323","6015659","3569192","68.54400099518323","接單量增加"
"1150217","11501","2369","菱生","半導體業","594362","574899","367192","3.385464229368985","61.86681627050698","594362","367192","61.86681627050698","主要係因客戶需求提升"
"1150217","11501","2371","大同","電機機械","4244071","4803047","3558687","-11.637945662409717","19.259462829970715","4244071","3558687","19.259462829970715","-"
"1150217","11501","2373","震旦行","其他電子業","1032093","947607","942117","8.915721390829743","9.55040615974449","1032093","942117","9.55040615974449","-"
"1150217","11501","2374","佳能","光電業","1073456","1147126","512379","-6.42213671383963","109.50429272081799","1073456","512379","109.50429272081799","今年一月較去年同期成長109.5%，主係影像視覺產品、光學相關模組及因客戶專案出貨轉趨穩健。"
"1150217","11501","2375","凱美","電子零組件業","539300","474505","427698","13.655282873731572","26.09364551622874","539300","427698","26.09364551622874","-"
"1150217","11501","2376","技嘉","電腦及週邊設備業","33118551","30306210","21091561","9.279751575667165","57.02275900773774","33118551","21091561","57.02275900773774","主係延續AI熱潮，伺服器銷售業績持續成長，加上AI電競需求推升顯示卡及主機板需求增加"
"1150217","11501","2377","微星","電腦及週邊設備業","22271797","16864668","16654367","32.061876344082194","33.72947167550709","22271797","16654367","33.72947167550709","-"
"1150217","11501","2379","瑞昱","半導體業","13577638","8332875","11868702","62.940617733975365","14.398676451729937","13577638","11868702","14.398676451729937","無"
"1150217","11501","2380","虹光","電腦及週邊設備業","197872","308989","154832","-35.96147435669231","27.797871241087115","197872","154832","27.797871241087115","-"
"1150217","11501","2382","廣達","電腦及週邊設備業","230834858","272494820","142560447","-15.288350068452678","61.92068898324933","230834858","142560447","61.92068898324933","產品組合變更"
"1150217","11501","2383","台光電","電子零組件業","10862602","8704662","6986221","24.790623691074966","55.48609183706041","10862602","6986221","55.48609183706041","受惠於AI伺服器成長力道"
"1150217","11501","2385","群光","電子零組件業","7695028","7910554","7517508","-2.724537371213192","2.3614208325418478","7695028","7517508","2.3614208325418478","-"
"1150217","11501","2387","精元","電腦及週邊設備業","1638894","1543198","1638639","6.201148524039041","0.015561694796718496","1638894","1638639","0.015561694796718496","-"
"1150217","11501","2388","威盛","半導體業","410053","996987","766499","-58.87077765306869","-46.50312655332883","410053","766499","-46.50312655332883","-"
"1150217","11501","2390","云辰","其他電子業","52619","65802","51862","-20.034345460624298","1.4596428984613012","52619","51862","1.4596428984613012","-"
"1150217","11501","2392","正崴","電子零組件業","7222249","7811576","8903684","-7.544277876833049","-18.884711092621885","7222249","8903684","-18.884711092621885","-"
"1150217","11501","2393","億光","光電業","1804437","1602240","1613087","12.619644997004194","11.862348404022846","1804437","1613087","11.862348404022846","-"
"1150217","11501","2395","研華","電腦及週邊設備業","7059527","5985095","5732941","17.951795251370278","23.13971136280663","7059527","5732941","23.13971136280663","-"
"1150217","11501","2397","友通","電腦及週邊設備業","1093921","1011228","925773","8.177483218423541","18.162983798404145","1093921","925773","18.162983798404145","-"
"1150217","11501","2399","映泰","電腦及週邊設備業","142030","131573","173281","7.947679235101426","-18.03486821982791","142030","173281","-18.03486821982791","-"
"1150217","11501","2401","凌陽","半導體業","549086","535296","447186","2.576144787183166","22.78693876820831","549086","447186","22.78693876820831","-"
"1150217","11501","2402","毅嘉","電子零組件業","973685","912232","793961","6.736553859106017","22.636376345941425","973685","793961","22.636376345941425","-"
"1150217","11501","2404","漢唐","其他電子業","6025154","7279091","3792018","-17.226560294410387","58.89043775636086","6025154","3792018","58.89043775636086","營收較去年同期增加50%以上,係因本月正在投入進行的專案較去年同期增加所致。"
"1150217","11501","2405","輔信","電腦及週邊設備業","135492","137494","118367","-1.456063537317992","14.467714819164126","135492","118367","14.467714819164126","-"
"1150217","11501","2406","國碩","光電業","919350","928081","318504","-0.9407584036307176","188.64629643583754","919350","318504","188.64629643583754","主要係因子公司太陽能導電漿產品、AI伺服器液冷管接件及其零組件之加工與測試服務銷量增加所致。"
"1150217","11501","2408","南亞科","半導體業","15309988","12017152","2162373","27.401134644880916","608.0179044040968","15309988","2162373","608.0179044040968","受市場需求復甦影響。"
"1150217","11501","2409","友達","光電業","22505270","25189520","21643289","-10.65621734753183","3.982671025646795","22505270","21643289","3.982671025646795","-"
"1150217","11501","2412","中華電","通信網路業","20413606","23264555","18192737","-12.254474671877455","12.207448499915104","20413606","18192737","12.207448499915104","-"
"1150217","11501","2413","環科","電子零組件業","304533","305682","271518","-0.37588081731996","12.159414845424612","304533","271518","12.159414845424612","-"
"1150217","11501","2414","精技","電子通路業","2986876","2226189","1938191","34.16991998433197","54.10638064050447","2986876","1938191","54.10638064050447","1、115/01月工作日較114/01月多。2、115/01月資訊產品市場需求增加。"
"1150217","11501","2415","錩新","電子零組件業","226930","220323","195420","2.9987790652814277","16.124245215433426","226930","195420","16.124245215433426","-"
"1150217","11501","2417","圓剛","電腦及週邊設備業","247359","370628","238633","-33.25949469548982","3.656661065317873","247359","238633","3.656661065317873","-"
"1150217","11501","2419","仲琦","通信網路業","565163","1297334","705683","-56.436584564961684","-19.91262365679774","565163","705683","-19.91262365679774","-"
"1150217","11501","2420","新巨","電子零組件業","190360","184917","173569","2.9434827517210422","9.673962516347965","190360","173569","9.673962516347965","-"
"1150217","11501","2421","建準","電子零組件業","1778438","1790708","1303050","-0.6852038411622665","36.48271363339857","1778438","1303050","36.48271363339857","-"
"1150217","11501","2423","固緯","其他電子業","231157","316000","157608","-26.849050632911393","46.665778386883915","231157","157608","46.665778386883915","-"
"1150217","11501","2424","隴華","通信網路業","8682","32147","5651","-72.99281425949545","53.636524508936475","8682","5651","53.636524508936475","本月增加係因銷售監控系統軟硬體增加。本年增加係因銷售監控系統軟硬體增加。"
"1150217","11501","2425","承啟","電腦及週邊設備業","627220","1001646","435793","-37.3810707575331","43.926130066338835","627220","435793","43.926130066338835","-"
"1150217","11501","2426","鼎元","光電業","197221","175360","198190","12.466354927007298","-0.4889247691609062","197221","198190","-0.4889247691609062","-"
"1150217","11501","2427","三商電","資訊服務業","1487888","838932","321366","77.35501804675468","362.98861733973104","1487888","321366","362.98861733973104","本月營收及本年累計營收較去年本月及去年累計營收各增加百分比362.99%，主係:本月大型專案驗收所致。"
"1150217","11501","2428","興勤","電子零組件業","804324","742848","656871","8.275717239596794","22.447786551697366","804324","656871","22.447786551697366","-"
"1150217","11501","2429","銘旺科","光電業","48380","64789","50377","-25.32683017178842","-3.96411060603053","48380","50377","-3.96411060603053","-"
"1150217","11501","2430","燦坤","電子通路業","1613958","1383263","1717211","16.677594933139975","-6.0128312711716845","1613958","1717211","-6.0128312711716845","-"
"1150217","11501","2431","聯昌","電子零組件業","25303","25655","20842","-1.3720522315338142","21.403895979272622","25303","20842","21.403895979272622","-"
"1150217","11501","2432","倚天酷碁-創","電腦及週邊設備業","273965","409254","226822","-33.05746553485122","20.784139104672388","273965","226822","20.784139104672388","-"
"1150217","11501","2433","互盛電","其他電子業","238122","236420","230757","0.7199052533626596","3.1916691584653987","238122","230757","3.1916691584653987","-"
"1150217","11501","2434","統懋","半導體業","4357","4048","2718","7.633399209486166","60.301692420897716","4357","2718","60.301692420897716","去年同期適逢春節連假，工作天數及出貨減少所致。"
"1150217","11501","2436","偉詮電","半導體業","414463","301383","258052","37.52036445320406","60.612202191806304","414463","258052","60.612202191806304","客戶需求量增加"
"1150217","11501","2438","翔耀","光電業","85949","58557","22548","46.77835271615691","281.18236650700726","85949","22548","281.18236650700726","因國軍服裝供售案營運實質改變，自115年起營收認列方式由代採購淨額利潤認列營收改為實質買賣銷售認列營收，因此較去年同期增加"
"1150217","11501","2439","美律","通信網路業","3921486","4256847","2987315","-7.878154887878281","31.271258638610256","3921486","2987315","31.271258638610256","-"
"1150217","11501","2440","太空梭","電子零組件業","398998","328859","235349","21.32798555003816","69.5346060531381","398998","235349","69.5346060531381","適逢去年同期為春節連假，故本期營收較去年增加"
"1150217","11501","2441","超豐","半導體業","1601842","1392572","1216728","15.02758923775575","31.65160989144657","1601842","1216728","31.65160989144657","-"
"1150217","11501","2442","新美齊","建材營造","86137","9883855","205313","-99.128508056826","-58.04600780272072","86137","205313","-58.04600780272072","本年累計營收較去年同期減少，主係本期營建專案交屋認列收入減少所致。"
"1150217","11501","2444","兆勁","通信網路業","77573","134383","97467","-42.27469248342424","-20.411010906255452","77573","97467","-20.411010906255452","-"
"1150217","11501","2449","京元電子","半導體業","3369542","3254264","2384946","3.542367798064324","41.28378588026731","3369542","2384946","41.28378588026731","以上營收不含停業部門營收:115年1月0仟元暨114年1月985,800仟元"
"1150217","11501","2450","神腦","通信網路業","3068751","2948067","2333799","4.093665442474679","31.49165802196333","3068751","2333799","31.49165802196333","-"
"1150217","11501","2451","創見","半導體業","4760314","3057663","880546","55.68471738056156","440.6093491992468","4760314","880546","440.6093491992468","本月營收較去年同期增加主係市場價格上漲所致"
"1150217","11501","2453","凌群","資訊服務業","460845","994190","424024","-53.646184330962896","8.683706582646264","460845","424024","8.683706582646264","-"
"1150217","11501","2454","聯發科","半導體業","46977055","51266079","51144288","-8.366202533257907","-8.147992987995062","46977055","51144288","-8.147992987995062","海外子公司之營收係以當月平均匯率換算之"
"1150217","11501","2455","全新","通信網路業","340323","319238","261272","6.604790156560309","30.256208089653693","340323","261272","30.256208089653693","-"
"1150217","11501","2457","飛宏","電子零組件業","717077","804642","742120","-10.882479413204878","-3.3745216407050074","717077","742120","-3.3745216407050074","-"
"1150217","11501","2458","義隆","半導體業","1067800","916528","1043107","16.504896740743327","2.3672547495127536","1067800","1043107","2.3672547495127536","-"
"1150217","11501","2459","敦吉","其他電子業","486229","450751","406304","7.870864401853795","19.671231393242497","486229","406304","19.671231393242497","-"
"1150217","11501","2460","建通","電子零組件業","421422","371496","176659","13.439175657342206","138.55110693482925","421422","176659","138.55110693482925","係因端子產品訂單穩定回流及特殊新型銅材業務量持續增量。"
"1150217","11501","2461","光群雷","其他電子業","569696","529024","454207","7.6881200096782","25.42651258126801","569696","454207","25.42651258126801","-"
"1150217","11501","2462","良得電","電子零組件業","358530","307171","303316","16.72000286485378","18.20345778000501","358530","303316","18.20345778000501","-"
"1150217","11501","2464","盟立","其他電子業","590224","563987","547287","4.652057582887549","7.845426622594727","590224","547287","7.845426622594727","-"
"1150217","11501","2465","麗臺","電腦及週邊設備業","466630","360721","269109","29.360364381336268","73.39813978722377","466630","269109","73.39813978722377","本月營收較去年同期增加73.4%，主係受惠於台灣市場之人工智能應用相關產品需求所致。"
"1150217","11501","2466","冠西電","光電業","66503","31312","43032","112.38822176801226","54.54313069343744","66503","43032","54.54313069343744","本期燈飾訂單成長"
"1150217","11501","2467","志聖","電子零組件業","993660","603666","443394","64.60426792299053","124.10316783718318","993660","443394","124.10316783718318","係因客戶需求提升，以致115年01月營收成長率較去年同期增加124.10%。"
"1150217","11501","2468","華經","資訊服務業","246032","268467","286320","-8.35670678332905","-14.070969544565521","246032","286320","-14.070969544565521","-"
"1150217","11501","2471","資通","資訊服務業","71360","145837","64148","-51.06865884514904","11.242751137993391","71360","64148","11.242751137993391","-"
"1150217","11501","2472","立隆電","電子零組件業","1017318","1019580","867187","-0.22185605837697875","17.31241358553576","1017318","867187","17.31241358553576","-"
"1150217","11501","2474","可成","其他電子業","1482556","1387260","1369559","6.869368395253954","8.250612058334106","1482556","1369559","8.250612058334106","-"
"1150217","11501","2476","鉅祥","電子零組件業","737444","727596","535148","1.3534983699745464","37.80187910634068","737444","535148","37.80187910634068","-"
"1150217","11501","2477","美隆電","其他電子業","227125","215094","220844","5.59336848075725","2.844089040227491","227125","220844","2.844089040227491","-"
"1150217","11501","2478","大毅","電子零組件業","503094","469644","364631","7.122416127960753","37.973458098735435","503094","364631","37.973458098735435","-"
"1150217","11501","2480","敦陽科","資訊服務業","948427","872928","722200","8.648937827632977","31.324702298532262","948427","722200","31.324702298532262","-"
"1150217","11501","2481","強茂","半導體業","1243266","1134614","1084083","9.57612016068901","14.683654295842661","1243266","1084083","14.683654295842661","-"
"1150217","11501","2482","連宇","其他電子業","40124","37964","30788","5.689600674323043","30.32350266337534","40124","30788","30.32350266337534","-"
"1150217","11501","2483","百容","電子零組件業","180422","158761","135639","13.64377901373763","33.016315366524374","180422","135639","33.016315366524374","-"
"1150217","11501","2484","希華","電子零組件業","211003","175985","208873","19.89828678580561","1.019758417794545","211003","208873","1.019758417794545","-"
"1150217","11501","2485","兆赫","通信網路業","380111","328440","144691","15.732249421507733","162.70535140402652","380111","144691","162.70535140402652","因客戶端產品驗證通過，正式進入量產與備貨階段，帶動出貨量顯著提升，致使本月營收較去年同期大幅成長。"
"1150217","11501","2486","一詮","光電業","558578","525962","413962","6.201208452321651","34.93460752436214","558578","413962","34.93460752436214","-"
"1150217","11501","2488","漢平","其他電子業","229505","244665","173999","-6.196227494737703","31.90018333438698","229505","173999","31.90018333438698","-"
"1150217","11501","2489","瑞軒","光電業","1830450","1859646","1674034","-1.5699762212808244","9.34365729728309","1830450","1674034","9.34365729728309","-"
"1150217","11501","2491","吉祥全","光電業","13080","19216","12642","-31.93172356369692","3.464641670621737","13080","12642","3.464641670621737","-"
"1150217","11501","2492","華新科","電子零組件業","3485568","2876480","2894858","21.174769162309488","20.405491391978465","3485568","2894858","20.405491391978465","-"
"1150217","11501","2493","揚博","電子零組件業","318405","352152","291030","-9.583077761875554","9.40624677868261","318405","291030","9.40624677868261","-"
"1150217","11501","2495","普安","電腦及週邊設備業","125674","121327","91288","3.582879326118671","37.66760143720971","125674","91288","37.66760143720971","-"
"1150217","11501","2496","卓越","其他","65589","78268","64602","-16.19946849287065","1.5278164762700845","65589","64602","1.5278164762700845","-"
"1150217","11501","2497","怡利電","汽車工業","384699","357425","414697","7.630691753514723","-7.233715218581278","384699","414697","-7.233715218581278","-"
"1150217","11501","2498","宏達電","通信網路業","160806","291916","160737","-44.91360528371175","0.04292726627969914","160806","160737","0.04292726627969914","-"
"1150217","11501","2501","國建","建材營造","3195793","5027215","2811603","-36.43015068979545","13.664446936498504","3195793","2811603","13.664446936498504","-"
"1150217","11501","2504","國產","建材營造","1929081","2079336","1890976","-7.226104871939889","2.0150969657996716","1929081","1890976","2.0150969657996716","-"
"1150217","11501","2505","國揚","建材營造","-425","1730050","685","-100.02456576399526","-162.04379562043795","-425","685","-162.04379562043795","本年度營建收入(1,028)仟元，租賃收入603仟元。"
"1150217","11501","2506","太設","建材營造","65399","76708","76545","-14.74292120769672","-14.561369129270364","65399","76545","-14.561369129270364","-"
"1150217","11501","2509","全坤建","建材營造","20363","20613","22473","-1.212826856837918","-9.38904463133538","20363","22473","-9.38904463133538","-"
"1150217","11501","2511","太子","建材營造","455975","2097330","551146","-78.25926296767796","-17.26783828604399","455975","551146","-17.26783828604399","-"
"1150217","11501","2514","龍邦","其他","1920482","1960862","1622712","-2.059298410596972","18.350144696039717","1920482","1622712","18.350144696039717","-"
"1150217","11501","2515","中工","建材營造","3515310","3041595","1903850","15.574558743027918","84.64217244005567","3515310","1903850","84.64217244005567","碧硯閣第一批38戶交屋，去年同期無房地銷售收入所致。"
"1150217","11501","2516","新建","建材營造","558398","1223180","654325","-54.3486649552805","-14.660451610438239","558398","654325","-14.660451610438239","-"
"1150217","11501","2520","冠德","建材營造","1896875","2611693","1994519","-27.369909097279045","-4.895616436845174","1896875","1994519","-4.895616436845174","-"
"1150217","11501","2524","京城","建材營造","314159","153442","548591","104.74120514591833","-42.73347539423724","314159","548591","-42.73347539423724","-"
"1150217","11501","2527","宏璟","建材營造","32299","38122","31806","-15.274644562195059","1.5500220084260832","32299","31806","1.5500220084260832","-"
"1150217","11501","2528","皇普","建材營造","9952","99098","385959","-89.95741589133989","-97.42148777460818","9952","385959","-97.42148777460818","係115年1月認列皇普莊園案9,763仟元及租賃收入189仟元所致。"
"1150217","11501","2530","華建","建材營造","35222","64692","107562","-45.55431892660607","-67.25423476692512","35222","107562","-67.25423476692512","本年度出售房地收入較去年度減少72,461仟元,本年度租金收入較去年度同期增加121仟元."
"1150217","11501","2534","宏盛","建材營造","46111","110533","467163","-58.283046691938154","-90.1295693366127","46111","467163","-90.1295693366127","本月成屋銷售情形較去年同期減少"
"1150217","11501","2535","達欣工","建材營造","2634946","2419288","913019","8.91411026715298","188.59706095930096","2634946","913019","188.59706095930096","本公司115年01月單月及累計營收較去年同期變動增加50%以上，係因部分廠房工程投入較多及子公司交屋認列營建收入所致。"
"1150217","11501","2536","宏普","建材營造","616860","1203559","224183","-48.74700783260314","175.15913338656367","616860","224183","175.15913338656367","今年本期預售完工交屋及租金收入"
"1150217","11501","2537","聯上發","建材營造","651326","657517","234536","-0.9415726133316705","177.70832622710373","651326","234536","177.70832622710373","本月營收較去年增加，係今年同期認列新北市房地出售收入較高所致。"
"1150217","11501","2538","基泰","建材營造","29779","35056","45370","-15.053057964399818","-34.364117258100066","29779","45370","-34.364117258100066","-"
"1150217","11501","2539","櫻花建","建材營造","1621270","3040562","325772","-46.67860744165059","397.670149675233","1621270","325772","397.670149675233","無異常。本月有「櫻花知築」、「櫻花市鎮之櫻」建案陸續過戶中。"
"1150217","11501","2540","愛山林","建材營造","531269","729419","778533","-27.165456342650796","-31.76024651491973","531269","778533","-31.76024651491973","-"
"1150217","11501","2542","興富發","建材營造","4760744","7960981","184480","-40.19902823533934","2480.628794449263","4760744","184480","2480.628794449263","本月較去年同期增加，係本期認列「福山案」及「VVS1」等新建案收入所致。"
"1150217","11501","2543","皇昌","建材營造","1041817","1304565","771861","-20.140659913457743","34.97469103893059","1041817","771861","34.97469103893059","-"
"1150217","11501","2545","皇翔","建材營造","81633","249201","183730","-67.24210577004105","-55.56904152832961","81633","183730","-55.56904152832961","因去年同期成屋銷售情形較本月佳所致"
"1150217","11501","2546","根基","建材營造","1895918","2111030","1223005","-10.189907296438232","55.02127955323159","1895918","1223005","55.02127955323159","單月及累月營收差異主係因在手案量規模成長及依工程全程營運進度認列所致。"
"1150217","11501","2547","日勝生","建材營造","447680","979432","379545","-54.291875290984976","17.951758026057515","447680","379545","17.951758026057515","-"
"1150217","11501","2548","華固","建材營造","1103070","372698","3178","195.96885413927632","34609.56576463184","1103070","3178","34609.56576463184","本公司截至01月累計營收較去年同期增加，係因本年度認列交屋金額較高所致。"
"1150217","11501","2597","潤弘","建材營造","3164539","3493204","1945649","-9.408697573917813","62.64696253024055","3164539","1945649","62.64696253024055","主係業務正於大量施工階段，以致本月營收較去年同期增加。"
"1150217","11501","2601","益航","貿易百貨","126046","326248","436517","-61.36497388489738","-71.1246068308909","126046","436517","-71.1246068308909","本期營收減少，係原合併報表子公司改採權益法認列，其營收不再納入合併所致。"
"1150217","11501","2603","長榮","航運業","31898627","30705794","42247957","3.8847163502757818","-24.49664015706132","31898627","42247957","-24.49664015706132","-"
"1150217","11501","2605","新興","航運業","397771","492218","319799","-19.188042696528775","24.38156467030854","397771","319799","24.38156467030854","-"
"1150217","11501","2606","裕民","航運業","1287039","1400740","1206693","-8.11720947499179","6.658362980476393","1287039","1206693","6.658362980476393","-"
"1150217","11501","2607","榮運","航運業","1369353","1433189","1723470","-4.454122938426125","-20.546745809326534","1369353","1723470","-20.546745809326534","-"
"1150217","11501","2608","嘉里大榮","航運業","1173560","1121799","1025644","4.614106448659697","14.421768176872288","1173560","1025644","14.421768176872288","-"
"1150217","11501","2609","陽明","航運業","13761884","13239996","17592891","3.9417534567230987","-21.775880951004584","13761884","17592891","-21.775880951004584","-"
"1150217","11501","2610","華航","航運業","17799268","18793728","19286393","-5.2914461675725","-7.710747157335226","17799268","19286393","-7.710747157335226","-"
"1150217","11501","2611","志信","航運業","55400","65602","57216","-15.551355141611536","-3.173937360178971","55400","57216","-3.173937360178971","-"
"1150217","11501","2612","中航","航運業","420444","462331","425758","-9.059959206715535","-1.248126870193866","420444","425758","-1.248126870193866","-"
"1150217","11501","2613","中櫃","航運業","307496","311217","268215","-1.1956287734924507","14.645340491769662","307496","268215","14.645340491769662","-"
"1150217","11501","2614","東森","其他","424358","499140","478936","-14.98216933124975","-11.395677084203317","424358","478936","-11.395677084203317","-"
"1150217","11501","2615","萬海","航運業","12537769","12079080","14673027","3.7973835755703247","-14.552266550044514","12537769","14673027","-14.552266550044514","-"
"1150217","11501","2616","山隆","油電燃氣業","683305","720422","629869","-5.15211917459489","8.483668826375007","683305","629869","8.483668826375007","-"
"1150217","11501","2617","台航","航運業","348300","407100","352350","-14.443625644804717","-1.1494252873563218","348300","352350","-1.1494252873563218","-"
"1150217","11501","2618","長榮航","航運業","19926175","20260941","20045167","-1.6522727152702334","-0.5936193996288482","19926175","20045167","-0.5936193996288482","-"
"1150217","11501","2630","亞航","航運業","259989","403309","403845","-35.536028206660404","-35.62158749024997","259989","403845","-35.62158749024997","-"
"1150217","11501","2633","台灣高鐵","航運業","4422943","4896850","4660942","-9.677792866842971","-5.106242472015314","4422943","4660942","-5.106242472015314","-"
"1150217","11501","2634","漢翔","航運業","2665608","4582179","2090536","-41.826628772031825","27.50835192505654","2665608","2090536","27.50835192505654","-"
"1150217","11501","2636","台驊控股","航運業","1750726","1662430","2161588","5.311261226036585","-19.00741491903175","1750726","2161588","-19.00741491903175","-"
"1150217","11501","2637","慧洋-KY","航運業","1346075","1699697","1254441","-20.805002303351714","7.304767621594001","1346075","1254441","7.304767621594001","-"
"1150217","11501","2642","宅配通","航運業","307255","296568","370032","3.6035580372798144","-16.96528948847667","307255","370032","-16.96528948847667","-"
"1150217","11501","2645","長榮航太","航運業","1718473","1616960","1275083","6.278015535325549","34.77342259288219","1718473","1275083","34.77342259288219","-"
"1150217","11501","2646","星宇航空","航運業","4214581","4134393","4237837","1.9395350175950858","-0.5487705166574364","4214581","4237837","-0.5487705166574364","-"
"1150217","11501","2701","萬企","觀光餐旅","21728","21576","20702","0.7044864664441972","4.9560428944063375","21728","20702","4.9560428944063375","-"
"1150217","11501","2702","華園","觀光餐旅","106041","118362","110280","-10.409590916003447","-3.8438520130576714","106041","110280","-3.8438520130576714","-"
"1150217","11501","2704","國賓","觀光餐旅","129487","119998","159887","7.9076317938632315","-19.013428233690043","129487","159887","-19.013428233690043","-"
"1150217","11501","2705","六福","觀光餐旅","161712","220320","193804","-26.601307189542485","-16.55899775030443","161712","193804","-16.55899775030443","-"
"1150217","11501","2706","第一店","觀光餐旅","29596","32451","28131","-8.797879880435117","5.2077778962710175","29596","28131","5.2077778962710175","-"
"1150217","11501","2707","晶華","觀光餐旅","678572","686277","750051","-1.1227244975425374","-9.529885301132856","678572","750051","-9.529885301132856","營收差異主要係年節效應遞延至2月"
"1150217","11501","2712","遠雄來","觀光餐旅","35147","29593","52192","18.767951880512282","-32.658261802575105","35147","52192","-32.658261802575105","-"
"1150217","11501","2722","夏都","觀光餐旅","28218","34963","55465","-19.291822784086033","-49.124673217344274","28218","55465","-49.124673217344274","-"
"1150217","11501","2723","美食-KY","觀光餐旅","1362372","1470617","1623042","-7.3605160283064865","-16.06058253575693","1362372","1623042","-16.06058253575693","-"
"1150217","11501","2727","王品","觀光餐旅","2175432","2112183","2213414","2.994484852874964","-1.7159916762069816","2175432","2213414","-1.7159916762069816","-"
"1150217","11501","2731","雄獅","觀光餐旅","2158940","2238268","2396482","-3.5441689735098745","-9.912112838736114","2158940","2396482","-9.912112838736114","-"
"1150217","11501","2739","寒舍","觀光餐旅","506605","540314","569509","-6.23877967256077","-11.04530393725121","506605","569509","-11.04530393725121","-"
"1150217","11501","2748","雲品","觀光餐旅","329994","249884","357177","32.05887531814762","-7.610512435011213","329994","357177","-7.610512435011213","-"
"1150217","11501","2753","八方雲集","觀光餐旅","788157","769634","715856","2.406728392976402","10.099936300037996","788157","715856","10.099936300037996","-"
"1150217","11501","2762","世界健身-KY","運動休閒","973515","968373","847534","0.5309937389828093","14.864418418612114","973515","847534","14.864418418612114","-"
"1150217","11501","2801","彰銀","金融保險業","4258685","3655728","3593878","16.493486386295697","18.49831852945481","4258685","3593878","18.49831852945481","-"
"1150217","11501","2812","台中銀","金融保險業","1907814","1787333","1757813","6.740825576431476","8.53338779494747","1907814","1757813","8.53338779494747","-"
"1150217","11501","2816","旺旺保","金融保險業","1592604","1059591","1336058","50.303654900806066","19.20171130295242","1592604","1336058","19.20171130295242","-"
"1150217","11501","2820","華票","金融保險業","497667","221643","154887","124.5354015240725","221.3097290282593","497667","154887","221.3097290282593","主係本月票債券獲利及金融商品評價利益增加"
"1150217","11501","2834","臺企銀","金融保險業","3290524","2649347","3062536","24.201322061624996","7.444418612548555","3290524","3062536","7.444418612548555","-"
"1150217","11501","2836","高雄銀","金融保險業","505185","418798","386883","20.627366892869592","30.57823683129008","505185","386883","30.57823683129008","-"
"1150217","11501","2838","聯邦銀","金融保險業","1800068","1690749","1490408","6.465714307682571","20.776861101121305","1800068","1490408","20.776861101121305","-"
"1150217","11501","2845","遠東銀","金融保險業","1281276","1026591","1188766","24.80880896092017","7.782019337699766","1281276","1188766","7.782019337699766","-"
"1150217","11501","2849","安泰銀","金融保險業","552220","493311","457779","11.941554110895561","20.63026045318811","552220","457779","20.63026045318811","-"
"1150217","11501","2852","第一保","金融保險業","799148","631075","818191","26.632809095590858","-2.3274516585980534","799148","818191","-2.3274516585980534","-"
"1150217","11501","2855","統一證","金融保險業","3259312","1650931","688353","97.422666362192","373.4942682025066","3259312","688353","373.4942682025066","今年單月營收較去年同期增加，主因今年投資業務操作獲利優於去年同期所致。"
"1150217","11501","2867","三商壽","金融保險業","6375140","14288181","5746482","-55.38172423767588","10.939875910165558","6375140","5746482","10.939875910165558","-"
"1150217","11501","2880","華南金","金融保險業","6839814","5667680","5439405","20.68101939417892","25.745628428109324","6839814","5439405","25.745628428109324","-"
"1150217","11501","2881","富邦金","金融保險業","23880545","42650900","21676835","-44.00928233636336","10.166198155773202","23880545","21676835","10.166198155773202","-"
"1150217","11501","2882","國泰金","金融保險業","26002151","26693198","25649279","-2.588850537878601","1.3757579696489715","26002151","25649279","1.3757579696489715","-"
"1150217","11501","2884","玉山金","金融保險業","9245634","7774142","6579740","18.928030900387466","40.51670734709882","9245634","6579740","40.51670734709882","-"
"1150217","11501","2886","兆豐金","金融保險業","8155833","7014202","6793288","16.275992621826404","20.05722413064189","8155833","6793288","20.05722413064189","-"
"1150217","11501","2887","台新新光金","金融保險業","18773450","22266461","5877375","-15.687320046054916","219.41895829345583","18773450","5877375","219.41895829345583","本年度新增新光子公司"
"1150217","11501","2889","國票金","金融保險業","1214033","883600","600561","37.39622000905387","102.1498232485959","1214033","600561","102.1498232485959","手續費及佣金淨收益較去年同期增加2.16億元、透過損益按公允價值衡量之金融資產淨損益較去年同期增加2.85億元"
"1150217","11501","2890","永豐金","金融保險業","10779103","5598691","6947680","92.52898579328632","55.146797204246596","10779103","6947680","55.146797204246596","本月營業收入較去年本月營業收入增加，係因合併京城銀行，使整體營業收入較去年本月成長所致。"
"1150217","11501","2891","中信金","金融保險業","25856645","22845536","17443578","13.180294828714022","48.23016814554904","25856645","17443578","48.23016814554904","-"
"1150217","11501","2892","第一金","金融保險業","6995405","6966427","5455217","0.41596646315248836","28.233304009721337","6995405","5455217","28.233304009721337","-"
"1150217","11501","2897","王道銀行","金融保險業","1389919","721395","892975","92.67100548243334","55.65038214955626","1389919","892975","55.65038214955626","主係債票券獲利及金融商品評價利益增加"
"1150217","11501","2901","欣欣","貿易百貨","11491","11162","11283","2.9475004479483964","1.843481343614287","11491","11283","1.843481343614287","-"
"1150217","11501","2903","遠百","貿易百貨","2807826","2574851","3292497","9.048096375285406","-14.720468993593617","2807826","3292497","-14.720468993593617","-"
"1150217","11501","2904","匯僑","其他","32143","33729","39481","-4.7021850632986455","-18.58615536587219","32143","39481","-18.58615536587219","-"
"1150217","11501","2905","三商","貿易百貨","15589258","17041346","12933742","-8.52097011585822","20.531691447069225","15589258","12933742","20.531691447069225","-"
"1150217","11501","2906","高林","貿易百貨","896494","929323","884719","-3.532571560157233","1.3309310639875487","896494","884719","1.3309310639875487","-"
"1150217","11501","2908","特力","貿易百貨","3495106","3210654","3068499","8.859627976107049","13.902790908519115","3495106","3068499","13.902790908519115","-"
"1150217","11501","2910","統領","貿易百貨","44489","43806","46281","1.559147148792403","-3.871999308571552","44489","46281","-3.871999308571552","-"
"1150217","11501","2911","麗嬰房","貿易百貨","156257","175275","270801","-10.850377977463985","-42.29821898737449","156257","270801","-42.29821898737449","-"
"1150217","11501","2912","統一超","貿易百貨","30727739","30516860","30573457","0.6910245680584438","0.5046272654086844","30727739","30573457","0.5046272654086844","-"
"1150217","11501","2913","農林","貿易百貨","41390","36453","49302","13.543466930019477","-16.04803050586183","41390","49302","-16.04803050586183","-"
"1150217","11501","2915","潤泰全","貿易百貨","156684","136954","267711","14.406297004833739","-41.47270750921703","156684","267711","-41.47270750921703","-"
"1150217","11501","2923","鼎固-KY","建材營造","1467097","2904783","252452","-49.493748758513114","481.13898879787047","1467097","252452","481.13898879787047","本月營收增加主係本月新樓盤交房增加所致。"
"1150217","11501","2929","淘帝-KY","貿易百貨","136158","183869","146299","-25.948365412331604","-6.931694680073001","136158","146299","-6.931694680073001","-"
"1150217","11501","2939","永邑-KY","貿易百貨","30234","21323","41730","41.790554799981244","-27.548526240115024","30234","41730","-27.548526240115024","-"
"1150217","11501","2945","三商家購","貿易百貨","1257605","1298031","1233728","-3.1144094401443416","1.9353536598018364","1257605","1233728","1.9353536598018364","-"
"1150217","11501","3002","歐格","電腦及週邊設備業","76464","47460","50266","61.11251580278129","52.11872836509768","76464","50266","52.11872836509768","訂單增加，本月客戶出貨成長"
"1150217","11501","3003","健和興","電子零組件業","461705","445082","289745","3.73481740443334","59.34873768313517","461705","289745","59.34873768313517","去年同期遇農曆新年，營收較低"
"1150217","11501","3004","豐達科","鋼鐵工業","389473","405435","288103","-3.9370059319003046","35.18533302325904","389473","288103","35.18533302325904","-"
"1150217","11501","3005","神基","電腦及週邊設備業","3188233","3355263","3154263","-4.97814925387369","1.0769552190162963","3188233","3154263","1.0769552190162963","-"
"1150217","11501","3006","晶豪科","半導體業","2146214","2170785","935504","-1.1318946832597425","129.4179394208897","2146214","935504","129.4179394208897","本期營收較前期成長係因產品市場需求復甦"
"1150217","11501","3008","大立光","光電業","5498867","5617058","4949596","-2.1041441979057365","11.097289556561789","5498867","4949596","11.097289556561789","-"
"1150217","11501","3010","華立","電子通路業","7597775","6601451","7007540","15.092500118534547","8.422855952302806","7597775","7007540","8.422855952302806","-"
"1150217","11501","3011","今皓","電子零組件業","58581","52697","80610","11.165721008786079","-27.327874953479718","58581","80610","-27.327874953479718","-"
"1150217","11501","3013","晟銘電","電腦及週邊設備業","1229129","1191040","819849","3.1979614454594305","49.921387962905364","1229129","819849","49.921387962905364","-"
"1150217","11501","3014","聯陽","半導體業","719294","475117","672137","51.393025296926865","7.015980373048947","719294","672137","7.015980373048947","-"
"1150217","11501","3015","全漢","電子零組件業","1232574","921994","1001139","33.685685590144836","23.11716954388951","1232574","1001139","23.11716954388951","-"
"1150217","11501","3016","嘉晶","半導體業","345675","345783","291054","-0.031233461448365016","18.766620627100124","345675","291054","18.766620627100124","-"
"1150217","11501","3017","奇鋐","電腦及週邊設備業","17003457","13941273","6801065","21.964880825445423","150.01168199392302","17003457","6801065","150.01168199392302","因客戶需求增加,使營收成長"
"1150217","11501","3018","隆銘綠能","其他電子業","11185","26752","62079","-58.19004186602871","-81.9826350295591","11185","62079","-81.9826350295591","去年承接工案已過施作高峰期，今年潛在工案尚在積極洽談中，故115年1月營收低於114年1月"
"1150217","11501","3019","亞光","光電業","2273383","2104928","1826786","8.00288655954028","24.44714378148289","2273383","1826786","24.44714378148289","-"
"1150217","11501","3021","鴻名","電子零組件業","259389","333519","237517","-22.22661977278656","9.20860401571256","259389","237517","9.20860401571256","-"
"1150217","11501","3022","威強電","電腦及週邊設備業","454556","648487","523694","-29.90514844553553","-13.20198436491539","454556","523694","-13.20198436491539","-"
"1150217","11501","3023","信邦","電子零組件業","2807340","2630178","2759272","6.73574183952569","1.7420537011211652","2807340","2759272","1.7420537011211652","-"
"1150217","11501","3024","憶聲","光電業","82816","53172","160913","55.75114722034154","-48.53367969026741","82816","160913","-48.53367969026741","-"
"1150217","11501","3025","星通","通信網路業","42017","185459","46584","-77.3443186903844","-9.803795294521723","42017","46584","-9.803795294521723","-"
"1150217","11501","3026","禾伸堂","電子零組件業","1310074","1135927","1070808","15.330826716857686","22.344435230218675","1310074","1070808","22.344435230218675","-"
"1150217","11501","3027","盛達","通信網路業","105518","83688","207700","26.084982315266227","-49.19691863264323","105518","207700","-49.19691863264323","-"
"1150217","11501","3028","增你強","電子通路業","6378194","3558818","3058362","79.22225862631919","108.54934765734076","6378194","3058362","108.54934765734076","主要係因記憶體價格上漲，客戶需求增加影響所致。"
"1150217","11501","3029","零壹","資訊服務業","2817324","1677609","2142408","67.93686729148449","31.50268296234891","2817324","2142408","31.50268296234891","-"
"1150217","11501","3030","德律","其他電子業","893601","729676","645065","22.465450419090118","38.52883042794137","893601","645065","38.52883042794137","-"
"1150217","11501","3031","佰鴻","光電業","108455","114312","82562","-5.123696549793547","31.361885613236115","108455","82562","31.361885613236115","-"
"1150217","11501","3032","偉訓","電子零組件業","1185249","969905","837232","22.20258685128956","41.56757027920576","1185249","837232","41.56757027920576","從114年7月開始認列新購併之音圈全球領導公司AIP的營收"
"1150217","11501","3033","威健","電子通路業","11735936","9528447","7380589","23.167353504721177","59.01083233330023","11735936","7380589","59.01083233330023","係去年同期逢春節年假，故本期營業天數相對較長所致"
"1150217","11501","3034","聯詠","半導體業","7617321","7319722","8480869","4.065714517573208","-10.182305610427422","7617321","8480869","-10.182305610427422","-"
"1150217","11501","3035","智原","半導體業","785062","957884","1118120","-18.042059372533625","-29.787321575501736","785062","1118120","-29.787321575501736","-"
"1150217","11501","3036","文曄","電子通路業","195746933","98615954","77779195","98.49418381127256","151.6700423551568","195746933","77779195","151.6700423551568","主要因資料中心及通訊相關需求增長"
"1150217","11501","3037","欣興","電子零組件業","12766959","11822372","9493871","7.989826407086497","34.47580022943223","12766959","9493871","34.47580022943223","-"
"1150217","11501","3038","全台","光電業","259455","225142","276804","15.240603707882137","-6.267611739714744","259455","276804","-6.267611739714744","-"
"1150217","11501","3040","遠見","其他","10443","11690","10299","-10.667236954662105","1.398193999417419","10443","10299","1.398193999417419","-"
"1150217","11501","3041","揚智","半導體業","107902","270034","119384","-60.04132812905041","-9.61770421497018","107902","119384","-9.61770421497018","-"
"1150217","11501","3042","晶技","電子零組件業","1216703","1024035","1141675","18.81459129814899","6.571747651476996","1216703","1141675","6.571747651476996","-"
"1150217","11501","3043","科風","其他電子業","53246","53900","104761","-1.2133580705009277","-49.17383377401896","53246","104761","-49.17383377401896","-"
"1150217","11501","3044","健鼎","電子零組件業","7748933","6353077","5915996","21.97133766834559","30.98272885918111","7748933","5915996","30.98272885918111","-"
"1150217","11501","3045","台灣大","通信網路業","17145458","18049316","16461916","-5.0077133116844985","4.152262713526178","17145458","16461916","4.152262713526178","-"
"1150217","11501","3046","建碁","電腦及週邊設備業","586156","786563","507670","-25.478823692444216","15.460042941280753","586156","507670","15.460042941280753","-"
"1150217","11501","3047","訊舟","通信網路業","282793","256733","355822","10.150623410313438","-20.524026057972808","282793","355822","-20.524026057972808","-"
"1150217","11501","3048","益登","電子通路業","11447656","9982878","10084963","14.672902944421438","13.512126916082885","11447656","10084963","13.512126916082885","-"
"1150217","11501","3049","精金","光電業","158297","145792","104703","8.577288191395962","51.18668997067897","158297","104703","51.18668997067897","本期營收較去年同期增加51.19%，係客戶需求增加所致。"
"1150217","11501","3050","鈺德","光電業","98383","123460","94725","-20.311841892110806","3.8617049353391395","98383","94725","3.8617049353391395","-"
"1150217","11501","3051","力特","光電業","130671","170141","132206","-23.19840602794153","-1.1610668199627854","130671","132206","-1.1610668199627854","-"
"1150217","11501","3052","夆典","建材營造","341632","333387","247886","2.4731018306052723","37.81819061988172","341632","247886","37.81819061988172","-"
"1150217","11501","3054","立萬利","食品工業","13427","9041","6052","48.51233270655901","121.86054196959682","13427","6052","121.86054196959682","主係因本期產品結構改變致銷售金額增加。"
"1150217","11501","3055","蔚華科","電子通路業","48523","58706","33605","-17.345756822130618","44.392203541139715","48523","33605","44.392203541139715","-"
"1150217","11501","3056","富華新","建材營造","113009","95038","75381","18.909278393905595","49.91708786033616","113009","75381","49.91708786033616","-"
"1150217","11501","3057","喬鼎","電腦及週邊設備業","53028","34307","45825","54.56903838866704","15.718494271685762","53028","45825","15.718494271685762","-"
"1150217","11501","3058","立德","電子零組件業","317048","221990","276906","42.8208477859363","14.496616180220002","317048","276906","14.496616180220002","-"
"1150217","11501","3059","華晶科","光電業","674989","653675","550982","3.2606417562244236","22.506542863469225","674989","550982","22.506542863469225","-"
"1150217","11501","3060","銘異","電腦及週邊設備業","405172","379722","299421","6.7022716619000215","35.31849803453999","405172","299421","35.31849803453999","-"
"1150217","11501","3062","建漢","通信網路業","517003","413653","307787","24.984709406193115","67.9742809150484","517003","307787","67.9742809150484","因客戶需求增加所致"
"1150217","11501","3090","日電貿","電子零組件業","1606884","1171306","1421319","37.18737887452126","13.055830534876407","1606884","1421319","13.055830534876407","-"
"1150217","11501","3092","鴻碩","電子零組件業","145561","132566","157258","9.802664333237784","-7.438095359218609","145561","157258","-7.438095359218609","-"
"1150217","11501","3094","聯傑","半導體業","16085","13912","16650","15.6196089706728","-3.3933933933933935","16085","16650","-3.3933933933933935","-"
"1150217","11501","3130","一零四","數位雲端","206985","221677","178621","-6.627660966180524","15.879431869712967","206985","178621","15.879431869712967","-"
"1150217","11501","3135","凌航","半導體業","1545976","1176074","348305","31.45227256108034","343.8569644420838","1545976","348305","343.8569644420838","市場價格上漲及需求增加。"
"1150217","11501","3138","耀登","通信網路業","115699","198953","104347","-41.84606414580328","10.879086126098498","115699","104347","10.879086126098498","-"
"1150217","11501","3149","正達","光電業","273459","224452","178998","21.834066972002923","52.772098012268295","273459","178998","52.772098012268295","較去年營收增加52.77%，主係訂單需求增加。"
"1150217","11501","3150","鈺寶-創","半導體業","22784","12615","28567","80.61038446294094","-20.243637763853396","22784","28567","-20.243637763853396","-"
"1150217","11501","3164","景岳","生技醫療業","34487","31341","30238","10.037969433011071","14.051855281433957","34487","30238","14.051855281433957","-"
"1150217","11501","3167","大量","電機機械","601545","559398","273970","7.534349425632555","119.56601087710334","601545","273970","119.56601087710334","主係因客戶需求量增加所致"
"1150217","11501","3168","眾福科","光電業","270773","334304","244131","-19.003960467119747","10.912993433853137","270773","244131","10.912993433853137","-"
"1150217","11501","3189","景碩","半導體業","3961154","3688833","2556530","7.382307629540291","54.94259797459838","3961154","2556530","54.94259797459838","主係因客戶訂單需求增加所致"
"1150217","11501","3209","全科","電子通路業","6042999","3259267","5155292","85.40975624273801","17.219335005660202","6042999","5155292","17.219335005660202","-"
"1150217","11501","3229","晟鈦","電子零組件業","110040","113518","64954","-3.0638312866681936","69.41219940265418","110040","64954","69.41219940265418","本月磷銅球出貨量增加及銅價上漲"
"1150217","11501","3231","緯創","電腦及週邊設備業","228366631","255254817","90786162","-10.533860365894682","151.5434356614833","228366631","90786162","151.5434356614833","主係客戶需求增加，較去年同期成長。"
"1150217","11501","3257","虹冠電","半導體業","48055","70322","60463","-31.66434401751941","-20.52164133436978","48055","60463","-20.52164133436978","-"
"1150217","11501","3266","昇陽","建材營造","218855","128278","67961","70.60992531844899","222.03028207354217","218855","67961","222.03028207354217","因營建收入受政策、全部完工法及建案規模不同等影響，故營收波動較大。"
"1150217","11501","3296","勝德","電子零組件業","125064","151278","133416","-17.32836235275453","-6.2601187263896385","125064","133416","-6.2601187263896385","-"
"1150217","11501","3305","昇貿","其他電子業","1185845","1143153","815635","3.7345832097715705","45.38917530513036","1185845","815635","45.38917530513036","-"
"1150217","11501","3308","聯德","電子零組件業","515","2027","530","-74.59299457326098","-2.830188679245283","515","530","-2.830188679245283","客戶暫停拉貨"
"1150217","11501","3311","閎暉","通信網路業","168438","189418","172105","-11.076032900780286","-2.1306760407890533","168438","172105","-2.1306760407890533","-"
"1150217","11501","3312","弘憶股","電子通路業","2014959","1780439","1687413","13.172032290912522","19.411134085135057","2014959","1687413","19.411134085135057","-"
"1150217","11501","3321","同泰","電子零組件業","155839","140352","149434","11.0343992248062","4.286173160057283","155839","149434","4.286173160057283","-"
"1150217","11501","3338","泰碩","電子零組件業","307834","278048","280761","10.712538842214293","9.642721033191933","307834","280761","9.642721033191933","-"
"1150217","11501","3346","麗清","汽車工業","703929","750890","801883","-6.25404519969636","-12.215497772118875","703929","801883","-12.215497772118875","-"
"1150217","11501","3356","奇偶","光電業","80394","95107","79486","-15.469944378436919","1.1423395314898221","80394","79486","1.1423395314898221","-"
"1150217","11501","3376","新日興","電子零組件業","870865","862702","1051888","0.9462131767400562","-17.20934167896202","870865","1051888","-17.20934167896202","-"
"1150217","11501","3380","明泰","通信網路業","1528024","2977260","1447372","-48.676837091822684","5.572306221206435","1528024","1447372","5.572306221206435","-"
"1150217","11501","3406","玉晶光","光電業","2514794","2629824","2038413","-4.374056971112895","23.370190437364755","2514794","2038413","23.370190437364755","-"
"1150217","11501","3413","京鼎","半導體業","1890612","1642969","1691563","15.072895471551806","11.767164450865856","1890612","1691563","11.767164450865856","-"
"1150217","11501","3416","融程電","電腦及週邊設備業","304540","334867","280936","-9.056431359315788","8.401913603098215","304540","280936","8.401913603098215","-"
"1150217","11501","3419","譁裕","通信網路業","167743","118138","142370","41.98902977873335","17.821872585516612","167743","142370","17.821872585516612","-"
"1150217","11501","3432","台端","電子零組件業","21228","19290","3852","10.046656298600311","451.09034267912773","21228","3852","451.09034267912773","主係因增加新產品出貨所致"
"1150217","11501","3437","榮創","光電業","132632","105266","160040","25.99699808105181","-17.12571857035741","132632","160040","-17.12571857035741","-"
"1150217","11501","3443","創意","半導體業","4235842","4747837","2038665","-10.783752685696665","107.77528431596167","4235842","2038665","107.77528431596167","主要是晶圓產品(Wafer production)銷售增加所致"
"1150217","11501","3447","展達","通信網路業","223070","225799","234998","-1.2085970265590193","-5.075787879045779","223070","234998","-5.075787879045779","-"
"1150217","11501","3450","聯鈞","半導體業","751552","791973","821579","-5.1038356105574305","-8.523465181072057","751552","821579","-8.523465181072057","-"
"1150217","11501","3454","晶睿","光電業","630376","613332","677184","2.778919084606706","-6.912153860693696","630376","677184","-6.912153860693696","-"
"1150217","11501","3481","群創","光電業","22139342","21436343","18662677","3.2794726227323383","18.628972681679056","22139342","18662677","18.628972681679056","-"
"1150217","11501","3494","誠研","電腦及週邊設備業","75171","81035","63105","-7.236379342259517","19.120513429997622","75171","63105","19.120513429997622","-"
"1150217","11501","3501","維熹","電子零組件業","485422","421804","478714","15.082360527638428","1.401254193526824","485422","478714","1.401254193526824","-"
"1150217","11501","3504","揚明光","光電業","223542","249811","197795","-10.515549755615245","13.017012563512727","223542","197795","13.017012563512727","-"
"1150217","11501","3515","華擎","電腦及週邊設備業","6635049","3857282","4713670","72.01358365813026","40.761847986812825","6635049","4713670","40.761847986812825","“本年累計營業收入淨額”採年平均匯率計算,“本月營業收入淨額”採該月平均匯率計算,故累計營收淨額與各月營收淨額加總會有差異"
"1150217","11501","3518","柏騰","其他電子業","28815","28358","20738","1.611538190281402","38.947825248336386","28815","20738","38.947825248336386","-"
"1150217","11501","3528","安馳","電子通路業","1456934","1011825","579075","43.990709855953355","151.59677071191123","1456934","579075","151.59677071191123","AI伺服器應用帶動測試相關需求增加及工控需求回升。農曆新年及主要供應商政策調整，客戶提前拉貨。"
"1150217","11501","3530","晶相光","半導體業","214315","215968","118804","-0.7653911690620833","80.39375778593313","214315","118804","80.39375778593313","因監控系列產品營收較去年同期大幅成長所致。"
"1150217","11501","3532","台勝科","半導體業","1115282","1120582","914522","-0.472968511005888","21.952451663273273","1115282","914522","21.952451663273273","-"
"1150217","11501","3533","嘉澤","電子零組件業","3520081","3541863","2677630","-0.6149870844806815","31.462562041805626","3520081","2677630","31.462562041805626","-"
"1150217","11501","3535","晶彩科","光電業","151799","84409","1585","79.83745809096186","9477.223974763407","151799","1585","9477.223974763407","本公司以銷售機台為主，115年1月出售機台較去年同期多，此為產業特性，尚屬正常"
"1150217","11501","3543","州巧","光電業","327307","300841","297290","8.79733812877899","10.096875105116217","327307","297290","10.096875105116217","-"
"1150217","11501","3545","敦泰","半導體業","848311","873049","1010591","-2.833517935419432","-16.05793045851388","848311","1010591","-16.05793045851388","-"
"1150217","11501","3550","聯穎","電子零組件業","375716","310693","233432","20.92837624278629","60.95308269645978","375716","233432","60.95308269645978","係因去年春節假期因素及需求增加所致。"
"1150217","11501","3557","嘉威","居家生活","565842","432791","634616","30.74255240982368","-10.837104642807619","565842","634616","-10.837104642807619","-"
"1150217","11501","3563","牧德","光電業","240058","228542","215365","5.038898758215121","11.465651336103823","240058","215365","11.465651336103823","-"
"1150217","11501","3576","聯合再生","光電業","119904","249288","219497","-51.90141523057668","-45.373285284081334","119904","219497","-45.373285284081334","太陽能需求減緩，導致本年營收較去年減少。"
"1150217","11501","3583","辛耘","半導體業","1017508","979704","889095","3.8587165102929046","14.443113503056479","1017508","889095","14.443113503056479","-"
"1150217","11501","3588","通嘉","半導體業","134612","119631","118577","12.522673888874957","13.52285856447709","134612","118577","13.52285856447709","-"
"1150217","11501","3591","艾笛森","光電業","201422","172995","205904","16.432266828521055","-2.1767425596394436","201422","205904","-2.1767425596394436","-"
"1150217","11501","3592","瑞鼎","半導體業","1767799","1778256","1925702","-0.588048065070496","-8.199762995520594","1767799","1925702","-8.199762995520594","-"
"1150217","11501","3593","力銘","電子零組件業","56948","70155","64204","-18.825457914617633","-11.301476543517538","56948","64204","-11.301476543517538","-"
"1150217","11501","3596","智易","通信網路業","4233376","4208498","3940736","0.5911372655992708","7.426023971156657","4233376","3940736","7.426023971156657","-"
"1150217","11501","3605","宏致","電子零組件業","1058355","910962","898260","16.179928471220535","17.822790728742234","1058355","898260","17.822790728742234","-"
"1150217","11501","3607","谷崧","電子零組件業","228239","243901","242531","-6.421457886601531","-5.892854934008436","228239","242531","-5.892854934008436","-"
"1150217","11501","3617","碩天","其他電子業","960792","930656","985484","3.238145995942647","-2.5055708667010324","960792","985484","-2.5055708667010324","-"
"1150217","11501","3622","洋華","光電業","132272","134485","169654","-1.64553667695282","-22.034257960319238","132272","169654","-22.034257960319238","-"
"1150217","11501","3645","達邁","電子零組件業","173437","203261","193370","-14.67276063780066","-10.308217407043491","173437","193370","-10.308217407043491","-"
"1150217","11501","3652","精聯","電腦及週邊設備業","208608","211911","174815","-1.5586732165862083","19.330721047964992","208608","174815","19.330721047964992","-"
"1150217","11501","3653","健策","電子零組件業","1873115","1870032","1447188","0.1648634889670337","29.431352388217704","1873115","1447188","29.431352388217704","-"
"1150217","11501","3661","世芯-KY","半導體業","1432291","1375789","3260546","4.106879761358755","-56.07205050933187","1432291","3260546","-56.07205050933187","本月營收較去年同期減少，係因量產產品減少所致。"
"1150217","11501","3665","貿聯-KY","其他電子業","7455820","6640666","5555836","12.275184446861203","34.19798568568259","7455820","5555836","34.19798568568259","-"
"1150217","11501","3669","圓展","通信網路業","185627","297617","167649","-37.62889888682434","10.723595130302","185627","167649","10.723595130302","-"
"1150217","11501","3673","TPK-KY","光電業","6697447","5427886","4493001","23.38960324516764","49.06399976318723","6697447","4493001","49.06399976318723","-"
"1150217","11501","3679","新至陞","電子零組件業","414475","357962","414448","15.787429950665155","0.006514689418214106","414475","414448","0.006514689418214106","-"
"1150217","11501","3686","達能","半導體業","7299","8368","7168","-12.774856596558317","1.8275669642857142","7299","7168","1.8275669642857142","本期營收與去年同期差異，主要係本期電子零組件材料交易的品項規格不同，加上整體交易的平均價格較去年同期上升所致。"
"1150217","11501","3694","海華","通信網路業","1101212","948924","694444","16.04849281923526","58.57462948776287","1101212","694444","58.57462948776287","節日因素影響, 客戶提早出貨"
"1150217","11501","3701","大眾控","電腦及週邊設備業","777626","696541","970961","11.641095068344864","-19.91171633052203","777626","970961","-19.91171633052203","-"
"1150217","11501","3702","大聯大","電子通路業","95168057","93340132","65828049","1.9583484197343968","44.57067837450264","95168057","65828049","44.57067837450264","-"
"1150217","11501","3703","欣陸","建材營造","2053810","7681121","2357346","-73.26158512540032","-12.87617515629865","2053810","2357346","-12.87617515629865","-"
"1150217","11501","3704","合勤控","通信網路業","1777555","2036023","2681883","-12.694748536730675","-33.71989009214794","1777555","2681883","-33.71989009214794","-"
"1150217","11501","3705","永信","生技醫療業","697119","722005","738307","-3.446790534691588","-5.5787091277747605","697119","738307","-5.5787091277747605","-"
"1150217","11501","3706","神達","電腦及週邊設備業","10266946","10552957","7642076","-2.710245100022676","34.34760397567363","10266946","7642076","34.34760397567363","-"
"1150217","11501","3708","上緯投控","綠能環保","51108","58292","135209","-12.324161119879228","-62.200741074928445","51108","135209","-62.200741074928445","拉擠板材訂單減少"
"1150217","11501","3711","日月光投控","半導體業","59988631","58864547","49444261","1.909611229998933","21.325771255838973","59988631","49444261","21.325771255838973","-"
"1150217","11501","3712","永崴投控","電腦及週邊設備業","1293115","2627271","3387274","-50.78105760692369","-61.824316544808596","1293115","3387274","-61.824316544808596","主要係因子公司承接工程案件依進度認列收入"
"1150217","11501","3714","富采","光電業","1889232","1825841","1843712","3.471879533869598","2.4689322410441545","1889232","1843712","2.4689322410441545","-"
"1150217","11501","3715","定穎投控","電子零組件業","1861523","1969194","1710666","-5.467770062269132","8.818612166255715","1861523","1710666","8.818612166255715","-"
"1150217","11501","3716","中化控股","生技醫療業","880229","770326","856600","14.267076536427435","2.758463693672659","880229","856600","2.758463693672659","-"
"1150217","11501","3717","聯嘉投控","汽車工業","564637","433682","0","30.196088378120375","","564637","0","","聯嘉光電投控（公司代號：3717）於114年8月份起100%認列聯嘉光電（原公司代號：6288）的營收。"
"1150217","11501","4104","佳醫","生技醫療業","805320","774302","695627","4.0059305025687655","15.768939388494122","805320","695627","15.768939388494122","-"
"1150217","11501","4106","雃博","生技醫療業","187009","218030","191642","-14.227858551575471","-2.4175285167134555","187009","191642","-2.4175285167134555","-"
"1150217","11501","4108","懷特","生技醫療業","15435","8597","9208","79.53937420030243","67.625977410947","15435","9208","67.625977410947","本期產品出貨暢旺，營收較去年同期成長67.63%。"
"1150217","11501","4119","旭富","生技醫療業","129683","151638","106851","-14.47856078291721","21.36807329833132","129683","106851","21.36807329833132","-"
"1150217","11501","4133","亞諾法","生技醫療業","25696","27485","22859","-6.509004911770057","12.410866617087361","25696","22859","12.410866617087361","-"
"1150217","11501","4137","麗豐-KY","生技醫療業","378619","387864","174356","-2.383567436008498","117.15283672486177","378619","174356","117.15283672486177","1月營收較去年同期增加超過100%，主要係因去年受春節放假影響，實際營運天數減少所致"
"1150217","11501","4142","國光生","生技醫療業","10983","20593","61849","-46.666342932064296","-82.24223512102056","10983","61849","-82.24223512102056","月營收較去年同期減少主因為配合國外客戶出貨時程所致。"
"1150217","11501","4148","全宇生技-KY","生技醫療業","145082","272164","129251","-46.69317029438133","12.248261135310365","145082","129251","12.248261135310365","-"
"1150217","11501","4155","訊映","生技醫療業","131487","97142","154712","35.35545901875605","-15.011763793370909","131487","154712","-15.011763793370909","-"
"1150217","11501","4164","承業醫","生技醫療業","314731","477605","227601","-34.102239298164804","38.28190561552893","314731","227601","38.28190561552893","-"
"1150217","11501","4190","佐登-KY","生技醫療業","206980","212415","211615","-2.558670527034343","-2.190298419299199","206980","211615","-2.190298419299199","-"
"1150217","11501","4306","炎洲","塑膠工業","1225902","1260135","949610","-2.7166136961516028","29.095312812628343","1225902","949610","29.095312812628343","-"
"1150217","11501","4414","如興","紡織纖維","1163385","1325867","1148538","-12.254773668852154","1.2926868767076056","1163385","1148538","1.2926868767076056","-"
"1150217","11501","4426","利勤","紡織纖維","79261","76215","68360","3.996588598045004","15.946459918080748","79261","68360","15.946459918080748","-"
"1150217","11501","4438","廣越","紡織纖維","1039301","1253373","1015421","-17.079672212501784","2.351733911353025","1039301","1015421","2.351733911353025","-"
"1150217","11501","4439","冠星-KY","紡織纖維","543689","454088","454519","19.73207836366519","19.61854179913271","543689","454519","19.61854179913271","-"
"1150217","11501","4440","宜新實業","紡織纖維","105543","110406","80950","-4.404651921091245","30.38048177887585","105543","80950","30.38048177887585","-"
"1150217","11501","4441","振大環球","紡織纖維","701250","683432","457969","2.6071357501550994","53.12171784553103","701250","457969","53.12171784553103","主要係客戶需求增加所致。"
"1150217","11501","4526","東台","電機機械","357638","563707","456844","-36.55604773401785","-21.715509014017915","357638","456844","-21.715509014017915","-"
"1150217","11501","4532","瑞智","電機機械","1964103","1682788","2248382","16.717197888266377","-12.643714457774523","1964103","2248382","-12.643714457774523","-"
"1150217","11501","4536","拓凱","運動休閒","901765","683011","773886","32.02788827705557","16.524268432301398","901765","773886","16.524268432301398","-"
"1150217","11501","4540","全球傳動","電機機械","269099","271685","145376","-0.9518376060511253","85.10551948051948","269099","145376","85.10551948051948","因傳動系統元件產品訂單需求上升，故使本期營業收入增加。"
"1150217","11501","4545","銘鈺","電子零組件業","196410","217286","200022","-9.607613928186813","-1.8058013618501965","196410","200022","-1.8058013618501965","-"
"1150217","11501","4551","智伸科","汽車工業","830641","735235","767833","12.976259291247016","8.179903703018756","830641","767833","8.179903703018756","-"
"1150217","11501","4552","力達-KY","電機機械","280599","277458","266760","1.132063231191748","5.187809266756635","280599","266760","5.187809266756635","-"
"1150217","11501","4555","氣立","電機機械","143315","147040","114595","-2.5333242655059847","25.062175487586718","143315","114595","25.062175487586718","-"
"1150217","11501","4557","永新-KY","汽車工業","312379","338570","401150","-7.735771037008595","-22.129128754829864","312379","401150","-22.129128754829864","-"
"1150217","11501","4560","強信-KY","電機機械","144830","156396","126684","-7.3953298038313005","14.323829370717691","144830","126684","14.323829370717691","-"
"1150217","11501","4562","穎漢","電機機械","70920","54747","68922","29.54134473121815","2.898929224340559","70920","68922","2.898929224340559","-"
"1150217","11501","4564","元翎","電機機械","82887","107284","127240","-22.740576414003954","-34.857749135491986","82887","127240","-34.857749135491986","-"
"1150217","11501","4566","時碩工業","電機機械","507793","399679","446931","27.050207791752882","13.617762025905565","507793","446931","13.617762025905565","-"
"1150217","11501","4569","六方科-KY","汽車工業","177211","136380","144512","29.93914063645696","22.62718666961913","177211","144512","22.62718666961913","-"
"1150217","11501","4571","鈞興-KY","電機機械","332623","251857","369147","32.06819742949372","-9.894161404535321","332623","369147","-9.894161404535321","-"
"1150217","11501","4572","駐龍","電機機械","56391","52571","63329","7.2663635844857435","-10.955486428018759","56391","63329","-10.955486428018759","-"
"1150217","11501","4576","大銀微系統","電機機械","278321","279398","163550","-0.3854716211282829","70.17487007031488","278321","163550","70.17487007031488","本月營收較去年同期增加，主係客戶需求較去年同期增加。"
"1150217","11501","4581","光隆精密-KY","汽車工業","93824","91480","106392","2.5623087013554877","-11.812918264531168","93824","106392","-11.812918264531168","-"
"1150217","11501","4583","台灣精銳","電機機械","296883","248519","238744","19.460886290384238","24.352025600643366","296883","238744","24.352025600643366","-"
"1150217","11501","4585","達明","其他電子業","136829","198863","134990","-31.19433982188743","1.3623231350470406","136829","134990","1.3623231350470406","-"
"1150217","11501","4588","玖鼎電力","其他電子業","103277","158159","10530","-34.700522891520556","880.7882241215575","103277","10530","880.7882241215575","因按照合約規範，每月出貨數量依客戶通知出貨。"
"1150217","11501","4590","富田-創","電機機械","79261","105507","121342","-24.876074573251064","-34.67966573816156","79261","121342","-34.67966573816156","-"
"1150217","11501","4720","德淵","化學工業","369415","307751","371169","20.036977946456712","-0.4725610166797335","369415","371169","-0.4725610166797335","-"
"1150217","11501","4722","國精化","化學工業","343215","284200","275111","20.76530612244898","24.75509885100923","343215","275111","24.75509885100923","-"
"1150217","11501","4736","泰博","生技醫療業","368161","407668","367421","-9.690974027885437","0.20140383919264276","368161","367421","0.20140383919264276","-"
"1150217","11501","4737","華廣","生技醫療業","127221","160880","165946","-20.92180507210343","-23.335904450845455","127221","165946","-23.335904450845455","-"
"1150217","11501","4739","康普","化學工業","888810","653109","425154","36.089075483571655","109.05601264482988","888810","425154","109.05601264482988","本月營收較去年同期增加，主係動力電池材料銷售增加。"
"1150217","11501","4746","台耀","生技醫療業","375331","526610","366142","-28.726951634036574","2.5096820359314145","375331","366142","2.5096820359314145","-"
"1150217","11501","4755","三福化","化學工業","421150","409047","349020","2.958828692057392","20.666437453441063","421150","349020","20.666437453441063","-"
"1150217","11501","4763","材料*-KY","化學工業","984780","1174813","1205278","-16.175595605428267","-18.294368602098437","984780","1205278","-18.294368602098437","-"
"1150217","11501","4764","雙鍵","化學工業","255154","274436","251797","-7.026046145549418","1.3332168373729631","255154","251797","1.3332168373729631","-"
"1150217","11501","4766","南寶","化學工業","1965285","2003089","1783473","-1.887285088181304","10.194267028432726","1965285","1783473","10.194267028432726","-"
"1150217","11501","4770","上品","化學工業","364454","466704","241121","-21.908961568788783","51.149837633387385","364454","241121","51.149837633387385","本期營收較去年同期增加，主要係去年同期因春節假期影響；本年度同期無此影響"
"1150217","11501","4771","望隼","生技醫療業","367954","287612","256577","27.93416130064114","43.40880125654287","367954","256577","43.40880125654287","-"
"1150217","11501","4807","日成-KY","貿易百貨","191520","130233","209977","47.05950104812145","-8.790010334465203","191520","209977","-8.790010334465203","-"
"1150217","11501","4904","遠傳","通信網路業","9663053","11340652","8658501","-14.792791455023925","11.60191585125416","9663053","8658501","11.60191585125416","-"
"1150217","11501","4906","正文","通信網路業","1135271","1373092","1731034","-17.320106737203332","-34.416597247656604","1135271","1731034","-34.416597247656604","-"
"1150217","11501","4912","聯德控股-KY","電子零組件業","652874","592891","584012","10.117036689711936","11.791196071313603","652874","584012","11.791196071313603","-"
"1150217","11501","4915","致伸","電子零組件業","6059482","4871377","4240187","24.389510399215663","42.90600862650633","6059482","4240187","42.90600862650633","-"
"1150217","11501","4916","事欣科","電腦及週邊設備業","302688","402773","275689","-24.848984415539274","9.793281560018716","302688","275689","9.793281560018716","-"
"1150217","11501","4919","新唐","半導體業","2464157","2457445","2451397","0.2731292053331814","0.5205195241733591","2464157","2451397","0.5205195241733591","-"
"1150217","11501","4927","泰鼎-KY","電子零組件業","936443","910578","1036173","2.8405035043675557","-9.624840639545713","936443","1036173","-9.624840639545713","1月份自結數"
"1150217","11501","4930","燦星網","電器電纜","662840","380994","692495","73.97649306813231","-4.282341388746489","662840","692495","-4.282341388746489","-"
"1150217","11501","4934","太極","光電業","13219","8576","6052","54.13945895522388","118.42366159947125","13219","6052","118.42366159947125","受惠於子公司營收挹注，本月營收較去年同期成長。"
"1150217","11501","4935","茂林-KY","光電業","416495","413207","465815","0.7957270810997877","-10.587894335734143","416495","465815","-10.587894335734143","-"
"1150217","11501","4938","和碩","電腦及週邊設備業","92158230","99893947","105321840","-7.743929669732641","-12.49846185748369","92158230","105321840","-12.49846185748369","-"
"1150217","11501","4942","嘉彰","光電業","539543","540506","438853","-0.17816638483199077","22.943901488653378","539543","438853","22.943901488653378","-"
"1150217","11501","4943","康控-KY","電子零組件業","178816","156828","129110","14.020455530900094","38.49895437998606","178816","129110","38.49895437998606","-"
"1150217","11501","4949","有成精密","光電業","217187","193922","169879","11.997091614154144","27.84805655790298","217187","169879","27.84805655790298","-"
"1150217","11501","4952","凌通","半導體業","155147","148468","120072","4.498612495621952","29.21163968285695","155147","120072","29.21163968285695","-"
"1150217","11501","4956","光鋐","光電業","124577","103205","86271","20.708299016520517","44.40194271539683","124577","86271","44.40194271539683","-"
"1150217","11501","4958","臻鼎-KY","電子零組件業","13564440","19321296","13469283","-29.79539260720399","0.7064741308056264","13564440","13469283","0.7064741308056264","-"
"1150217","11501","4960","誠美材","光電業","692935","819754","653749","-15.470372819162822","5.994043585535121","692935","653749","5.994043585535121","-"
"1150217","11501","4961","天鈺","半導體業","1347189","1389390","1391316","-3.037376114697817","-3.171601562836911","1347189","1391316","-3.171601562836911","-"
"1150217","11501","4967","十銓","半導體業","3489648","3629683","1640416","-3.858050413768916","112.72945399215808","3489648","1640416","112.72945399215808","記憶體價格上漲所致"
"1150217","11501","4968","立積","半導體業","330057","311658","240006","5.903586623799164","37.52031199220019","330057","240006","37.52031199220019","-"
"1150217","11501","4976","佳凌","光電業","87265","74364","86596","17.34844817384756","0.7725530047577255","87265","86596","0.7725530047577255","-"
"1150217","11501","4977","眾達-KY","通信網路業","32805","62352","57862","-47.38741339491917","-43.3047596004286","32805","57862","-43.3047596004286","-"
"1150217","11501","4989","榮科","電子零組件業","368661","290710","136379","26.81400708609955","170.32094384032732","368661","136379","170.32094384032732","主係銷售量增加及銅價上漲"
"1150217","11501","4994","傳奇","資訊服務業","88202","108199","113634","-18.48168652205658","-22.380625517010753","88202","113634","-22.380625517010753","-"
"1150217","11501","4999","鑫禾","電子零組件業","111064","206767","111356","-46.285432394917954","-0.2622220625740867","111064","111356","-0.2622220625740867","-"
"1150217","11501","5007","三星","鋼鐵工業","513526","570799","572457","-10.033829771951247","-10.294397657815347","513526","572457","-10.294397657815347","-"
"1150217","11501","5203","訊連","資訊服務業","206850","211316","204350","-2.11342255200742","1.223391240518718","206850","204350","1.223391240518718","-"
"1150217","11501","5215","科嘉-KY","電腦及週邊設備業","249577","225201","197234","10.824108241082412","26.53852784002758","249577","197234","26.53852784002758","-"
"1150217","11501","5222","全訊","半導體業","82134","92251","93065","-10.966818787872219","-11.745554182560577","82134","93065","-11.745554182560577","-"
"1150217","11501","5225","東科-KY","其他電子業","737512","709742","849561","3.912689399810072","-13.18904704900531","737512","849561","-13.18904704900531","-"
"1150217","11501","5234","達興材料","光電業","411743","412283","342909","-0.13097799327161197","20.073547209317923","411743","342909","20.073547209317923","-"
"1150217","11501","5243","乙盛-KY","光電業","1069177","854716","1231699","25.09149237875505","-13.19494454408098","1069177","1231699","-13.19494454408098","-"
"1150217","11501","5244","弘凱","光電業","62714","71002","59187","-11.672910622235994","5.959078851774883","62714","59187","5.959078851774883","-"
"1150217","11501","5258","虹堡","電腦及週邊設備業","550638","915286","546663","-39.839787782179556","0.7271390234934503","550638","546663","0.7271390234934503","-"
"1150217","11501","5269","祥碩","半導體業","1346617","1143373","850600","17.775826436342296","58.31377850928756","1346617","850600","58.31377850928756","因完成收購 Techpoint, Inc.，其營收自合併基準日起納入本公司合併報表，帶動整體營收成長。"
"1150217","11501","5283","禾聯碩","電器電纜","391612","541205","380383","-27.640727635553993","2.9520246698722077","391612","380383","2.9520246698722077","-"
"1150217","11501","5284","jpp-KY","其他","359220","350383","259403","2.5220972478687607","38.47950871809501","359220","259403","38.47950871809501","-"
"1150217","11501","5285","界霖","半導體業","469291","444486","420095","5.580603213599528","11.710684488032468","469291","420095","11.710684488032468","-"
"1150217","11501","5288","豐祥-KY","電機機械","804362","678521","649624","18.546367761646287","23.81962489070601","804362","649624","23.81962489070601","-"
"1150217","11501","5292","華懋","綠能環保","228614","289892","224760","-21.13821699115533","1.7147179213383164","228614","224760","1.7147179213383164","本公司完工百分比法係以投入成本為完工進度基礎，各期依工程安排時間不同而產生差異"
"1150217","11501","5306","桂盟","運動休閒","503699","370480","429862","35.95848628805874","17.17690793789635","503699","429862","17.17690793789635","-"
"1150217","11501","5388","中磊","通信網路業","5180832","6235041","3896987","-16.907811833153943","32.94455434416384","5180832","3896987","32.94455434416384","-"
"1150217","11501","5434","崇越","電子通路業","6004421","6479605","5546732","-7.333533448412364","8.251507374071796","6004421","5546732","8.251507374071796","-"
"1150217","11501","5469","瀚宇博","電子零組件業","5503605","5283532","3458247","4.1652629339616","59.144358398922925","5503605","3458247","59.144358398922925","本公司之子公司精成科技自114年4月8日起新增合併子公司Lincstech，致使本月營收較去年同期增加。"
"1150217","11501","5471","松翰","半導體業","268664","245096","171671","9.61582400365571","56.49935050183199","268664","171671","56.49935050183199","114年1月逢農曆過年，工作天數較少"
"1150217","11501","5484","慧友","光電業","50631","60427","21275","-16.211296274844027","137.98354876615747","50631","21275","137.98354876615747","係因有接到代工訂單"
"1150217","11501","5515","建國","建材營造","594450","666608","415734","-10.82465256942611","42.98806448353996","594450","415734","42.98806448353996","-"
"1150217","11501","5519","隆大","建材營造","299819","363026","282154","-17.411149614628155","6.26076539761974","299819","282154","6.26076539761974","-"
"1150217","11501","5521","工信","建材營造","540062","838585","580947","-35.598418764943325","-7.037647151977719","540062","580947","-7.037647151977719","無"
"1150217","11501","5522","遠雄","建材營造","4893556","3773278","188541","29.689781669943216","2495.4863928800632","4893556","188541","2495.4863928800632","本月營收較去年同期增加，主要係交屋量較去年同期完工可交屋成屋量增加所致"
"1150217","11501","5525","順天","建材營造","448462","1609829","31054","-72.14225858771336","1344.1360211244928","448462","31054","1344.1360211244928","本月營收較去年同期增加，係因今年母公司ONE 33及緮華C區完工交屋收入所致"
"1150217","11501","5531","鄉林","建材營造","43806","38865","48207","12.713238131995368","-9.12937955068766","43806","48207","-9.12937955068766","建設業之銷售進度及狀況深受景氣榮枯及市場現狀影響，且建築個案之完工時間並非固定時點，故月營收的表現上會有較大之波動。"
"1150217","11501","5533","皇鼎","建材營造","101572","114182","148172","-11.043772223292638","-31.449936560213807","101572","148172","-31.449936560213807","-"
"1150217","11501","5534","長虹","建材營造","450811","2561889","468990","-82.40317984112504","-3.8762020512164437","450811","468990","-3.8762020512164437","本月營收較去年同期減少，主要係因本月過戶交屋數額較去年同期減少所致。"
"1150217","11501","5538","東明-KY","鋼鐵工業","1226697","1264396","839023","-2.981581719651122","46.20540795663528","1226697","839023","46.20540795663528","-"
"1150217","11501","5546","永固-KY","建材營造","93028","126283","181013","-26.333710792426533","-48.60700612663179","93028","181013","-48.60700612663179","-"
"1150217","11501","5607","遠雄港","航運業","422332","399792","299217","5.637931724496738","41.14572367211756","422332","299217","41.14572367211756","-"
"1150217","11501","5608","四維航","航運業","261520","284642","294258","-8.123186318252401","-11.125610858498325","261520","294258","-11.125610858498325","-"
"1150217","11501","5706","鳳凰","觀光餐旅","154892","148755","259090","4.1255756109038355","-40.21691304180015","154892","259090","-40.21691304180015","-"
"1150217","11501","5871","中租-KY","其他","8079941","8243288","8263041","-1.9815757983950093","-2.2158912197095475","8079941","8263041","-2.2158912197095475","-"
"1150217","11501","5876","上海商銀","金融保險業","4918011","4241629","4872392","15.946279130022923","0.9362752422218902","4918011","4872392","0.9362752422218902","-"
"1150217","11501","5880","合庫金","金融保險業","5365877","6789683","4918348","-20.970139548488493","9.099173136996406","5365877","4918348","9.099173136996406","-"
"1150217","11501","5906","台南-KY","貿易百貨","158148","142206","245326","11.210497447365091","-35.535573074195156","158148","245326","-35.535573074195156","-"
"1150217","11501","5907","大洋-KY","貿易百貨","247671","193840","308109","27.770841931489887","-19.615785322726698","247671","308109","-19.615785322726698","-"
"1150217","11501","6005","群益證","金融保險業","2986272","1933476","1298457","54.450947412846084","129.98620670534333","2986272","1298457","129.98620670534333","主係自營操作獲利增加及成交量增加致經紀手續費收入增加"
"1150217","11501","6024","群益期","金融保險業","-216509","153512","202261","-241.0371827609568","-207.04436347096077","-216509","202261","-207.04436347096077","差異原因:自營部門從事套利交易，其會計科目之營業外收入606,004千元，亦為本公司營業收入。"
"1150217","11501","6108","競國","電子零組件業","388898","294329","385048","32.130371115316535","0.9998753402173236","388898","385048","0.9998753402173236","-"
"1150217","11501","6112","邁達特","資訊服務業","1951443","1952894","1598675","-0.07429998760813439","22.066273632852205","1951443","1598675","22.066273632852205","-"
"1150217","11501","6115","鎰勝","電子零組件業","732588","700066","538693","4.645561989869527","35.99359932280538","732588","538693","35.99359932280538","-"
"1150217","11501","6116","彩晶","光電業","1054894","939455","942638","12.287869030448505","11.908707266203994","1054894","942638","11.908707266203994","-"
"1150217","11501","6117","迎廣","電腦及週邊設備業","298280","288623","241931","3.3458871954071574","23.291351666384216","298280","241931","23.291351666384216","-"
"1150217","11501","6120","達運","光電業","1568666","1720033","1464654","-8.800238134966015","7.101472429665982","1568666","1464654","7.101472429665982","-"
"1150217","11501","6128","上福","電腦及週邊設備業","432262","418471","454272","3.2955688685715376","-4.8451148210763595","432262","454272","-4.8451148210763595","-"
"1150217","11501","6133","金橋","電子零組件業","130776","151811","111581","-13.856044687143882","17.20274957205976","130776","111581","17.20274957205976","-"
"1150217","11501","6136","富爾特","通信網路業","57519","78926","42672","-27.122874591389404","34.79330708661417","57519","42672","34.79330708661417","-"
"1150217","11501","6139","亞翔","其他電子業","6563074","9501077","3497783","-30.922841694683665","87.63525353059352","6563074","3497783","87.63525353059352","主要係工程進入施工高峰期，致本月營收較去年同期大幅增加。"
"1150217","11501","6141","柏承","電子零組件業","163876","122671","136739","33.589846010874616","19.84583769078317","163876","136739","19.84583769078317","資料係自行結算數"
"1150217","11501","6142","友勁","通信網路業","148814","144967","146410","2.653707395476212","1.64196434669763","148814","146410","1.64196434669763","-"
"1150217","11501","6152","百一","通信網路業","104550","167021","75157","-37.40308104968836","39.10879891427279","104550","75157","39.10879891427279","-"
"1150217","11501","6153","嘉聯益","電子零組件業","470357","411302","480222","14.358062931860287","-2.054258238897843","470357","480222","-2.054258238897843","-"
"1150217","11501","6155","鈞寶","電子零組件業","59602","56706","51798","5.107043346383099","15.066218772925595","59602","51798","15.066218772925595","-"
"1150217","11501","6164","華興","光電業","68200","55362","60645","23.189191141938515","12.457745898260368","68200","60645","12.457745898260368","-"
"1150217","11501","6165","浪凡","數位雲端","319015","281337","300014","13.392479481902487","6.3333711093482306","319015","300014","6.3333711093482306","-"
"1150217","11501","6166","凌華","電腦及週邊設備業","1041731","1103261","727717","-5.577102788913956","43.150565398362275","1041731","727717","43.150565398362275","-"
"1150217","11501","6168","宏齊","光電業","164060","164752","150750","-0.42002525007283675","8.829187396351575","164060","150750","8.829187396351575","-"
"1150217","11501","6176","瑞儀","光電業","4755992","4311453","4399400","10.310653972106387","8.105468927581034","4755992","4399400","8.105468927581034","-"
"1150217","11501","6177","達麗","建材營造","2872832","6199134","163793","-53.65752700296525","1653.9406445940913","2872832","163793","1653.9406445940913","本期營收較去年同期上升，主係本期「武東段二」完工過戶所致。"
"1150217","11501","6183","關貿","資訊服務業","233520","359675","232212","-35.07472023354417","0.56327838354607","233520","232212","0.56327838354607","-"
"1150217","11501","6184","大豐電","其他","180362","187240","176910","-3.673360393078402","1.9512746594313493","180362","176910","1.9512746594313493","-"
"1150217","11501","6189","豐藝","電子通路業","2620119","2408224","2890608","8.798807752102794","-9.357512329586024","2620119","2890608","-9.357512329586024","-"
"1150217","11501","6191","精成科","電子零組件業","3233631","3259051","1672325","-0.7799816572370301","93.361398053608","3233631","1672325","93.361398053608","本公司自114年4月8日起新增合併子公司Lincstech，致使本月營收增幅達50%以上。"
"1150217","11501","6192","巨路","其他電子業","634436","766628","463112","-17.24330444491983","36.99407486741868","634436","463112","36.99407486741868","-"
"1150217","11501","6196","帆宣","其他電子業","4710991","5050065","4687375","-6.7142502126210255","0.503821435238273","4710991","4687375","0.503821435238273","-"
"1150217","11501","6197","佳必琪","電子零組件業","770199","600839","588547","28.187251493328496","30.864484909446485","770199","588547","30.864484909446485","-"
"1150217","11501","6201","亞弘電","其他電子業","254242","279715","299304","-9.106769390272241","-15.055595648571352","254242","299304","-15.055595648571352","-"
"1150217","11501","6202","盛群","半導體業","302250","209119","235857","44.53492987246496","28.14968391864562","302250","235857","28.14968391864562","-"
"1150217","11501","6205","詮欣","電子零組件業","123401","95382","139835","29.375563523515968","-11.752422497944005","123401","139835","-11.752422497944005","-"
"1150217","11501","6206","飛捷","電腦及週邊設備業","467072","399461","444292","16.92555718831125","5.127258649716853","467072","444292","5.127258649716853","-"
"1150217","11501","6209","今國光","光電業","444471","409071","286020","8.65375448271816","55.39857352632683","444471","286020","55.39857352632683","客戶需求增加。"
"1150217","11501","6213","聯茂","電子零組件業","3163692","3170506","2224926","-0.21491837580499767","42.193133614331444","3163692","2224926","42.193133614331444","-"
"1150217","11501","6214","精誠","資訊服務業","4461885","4557878","3205706","-2.106089719821373","39.18572071175585","4461885","3205706","39.18572071175585","-"
"1150217","11501","6215","和椿","其他電子業","256621","284651","141927","-9.84714615441365","80.8119667152832","256621","141927","80.8119667152832","自動化零組件及設備需求增加"
"1150217","11501","6216","居易","通信網路業","43447","61120","41051","-28.915248691099478","5.836642225524348","43447","41051","5.836642225524348","-"
"1150217","11501","6224","聚鼎","電子零組件業","267731","201912","243361","32.59786441618131","10.013929923036148","267731","243361","10.013929923036148","-"
"1150217","11501","6225","天瀚","光電業","1122","10734","2144","-89.54723309111235","-47.667910447761194","1122","2144","-47.667910447761194","-"
"1150217","11501","6226","光鼎","光電業","55175","53439","55562","3.2485637830049217","-0.6965192037723624","55175","55562","-0.6965192037723624","-"
"1150217","11501","6230","尼得科超眾","電腦及週邊設備業","749128","927005","661726","-19.18835389237383","13.208185865448842","749128","661726","13.208185865448842","-"
"1150217","11501","6235","華孚","電腦及週邊設備業","622022","582785","393222","6.732671568417169","58.185961111026344","622022","393222","58.185961111026344","主要係客戶需求增加導致營收成長。"
"1150217","11501","6239","力成","半導體業","7242567","7296529","5063233","-0.7395571236679797","43.04234073367748","7242567","5063233","43.04234073367748","-"
"1150217","11501","6243","迅杰","半導體業","34217","35894","46315","-4.672090042904107","-26.121127064665874","34217","46315","-26.121127064665874","-"
"1150217","11501","6257","矽格","半導體業","1826693","1803348","1609688","1.294536606356621","13.481183931296004","1826693","1609688","13.481183931296004","-"
"1150217","11501","6269","台郡","電子零組件業","2228068","1879415","1962735","18.551144904132403","13.51853408636418","2228068","1962735","13.51853408636418","-"
"1150217","11501","6271","同欣電","半導體業","952120","900084","905001","5.781238195546194","5.206513583962891","952120","905001","5.206513583962891","-"
"1150217","11501","6272","驊陞","電子零組件業","311981","284734","375712","9.569282207253085","-16.962726769440422","311981","375712","-16.962726769440422","-"
"1150217","11501","6277","宏正","電腦及週邊設備業","437585","484277","387969","-9.641589420930583","12.788650639612959","437585","387969","12.788650639612959","-"
"1150217","11501","6278","台表科","光電業","4553735","4127948","4087812","10.31473749184825","11.397857827121209","4553735","4087812","11.397857827121209","-"
"1150217","11501","6281","全國電","電子通路業","1610626","1350085","1751099","19.298118266627657","-8.02199076123052","1610626","1751099","-8.02199076123052","-"
"1150217","11501","6282","康舒","電子零組件業","2708662","3385633","2103419","-19.995404109069117","28.774248021910992","2708662","2103419","28.774248021910992","-"
"1150217","11501","6283","淳安","其他電子業","138076","151539","155736","-8.884181629811467","-11.339703087275902","138076","155736","-11.339703087275902","-"
"1150217","11501","6285","啟碁","通信網路業","10135784","9230566","9135377","9.806744245152464","10.95091094762701","10135784","9135377","10.95091094762701","-"
"1150217","11501","6405","悅城","光電業","29","18","48","61.111111111111114","-39.583333333333336","29","48","-39.583333333333336","-"
"1150217","11501","6409","旭隼","其他電子業","1691747","1600995","1881355","5.66847491716089","-10.078268056799487","1691747","1881355","-10.078268056799487","-"
"1150217","11501","6412","群電","電子零組件業","2781151","2780685","2694938","0.016758460595141127","3.1990717411680714","2781151","2694938","3.1990717411680714","-"
"1150217","11501","6414","樺漢","電腦及週邊設備業","11520346","14757751","11282054","-21.93698077708453","2.112133127531565","11520346","11282054","2.112133127531565","-"
"1150217","11501","6415","矽力*-KY","半導體業","1718815","2065220","1173907","-16.773273549549202","46.418327857317486","1718815","1173907","46.418327857317486","-"
"1150217","11501","6416","瑞祺電通","通信網路業","318584","612047","342349","-47.94778832344575","-6.9417465802441365","318584","342349","-6.9417465802441365","-"
"1150217","11501","6426","統新","通信網路業","51560","46773","25695","10.23453701922049","100.66160731659856","51560","25695","100.66160731659856","市場需求漸回溫"
"1150217","11501","6431","光麗-KY","生技醫療業","37512","40991","45064","-8.487228903905736","-16.75838807030002","37512","45064","-16.75838807030002","-"
"1150217","11501","6438","迅得","其他電子業","565533","581467","508820","-2.74031028416058","11.145984827640422","565533","508820","11.145984827640422","-"
"1150217","11501","6442","光聖","通信網路業","954509","1185469","1015105","-19.482584529835872","-5.96943173366302","954509","1015105","-5.96943173366302","-"
"1150217","11501","6443","元晶","光電業","165191","121742","260607","35.6894087496509","-36.61298430203333","165191","260607","-36.61298430203333","-"
"1150217","11501","6446","藥華藥","生技醫療業","1580728","1923690","1055111","-17.828340325104357","49.8162752544519","1580728","1055111","49.8162752544519","本月及本年累計營收較去年成長，主要來自認列美國子公司PharmaEssentia USA Corp.之營收。"
"1150217","11501","6449","鈺邦","電子零組件業","422843","451352","293073","-6.316356192062957","44.27907040225473","422843","293073","44.27907040225473","-"
"1150217","11501","6451","訊芯-KY","半導體業","616041","669934","542255","-8.04452378891055","13.607251201003217","616041","542255","13.607251201003217","-"
"1150217","11501","6456","GIS-KY","光電業","6655236","6043859","5196915","10.115672784557018","28.06128251087424","6655236","5196915","28.06128251087424","-"
"1150217","11501","6464","台數科","其他","355926","414403","377640","-14.111143017787034","-5.74992055926279","355926","377640","-5.74992055926279","-"
"1150217","11501","6472","保瑞","生技醫療業","1141976","1656851","1636535","-31.075516144783087","-30.219885306455406","1141976","1636535","-30.219885306455406","停業單位營收累計為4,419千元"
"1150217","11501","6477","安集","光電業","41447","43610","38153","-4.959871589085072","8.633659214216443","41447","38153","8.633659214216443","-"
"1150217","11501","6491","晶碩","生技醫療業","659524","624853","501990","5.548665046018824","31.38190003784936","659524","501990","31.38190003784936","-"
"1150217","11501","6504","南六","其他","592344","553961","551169","6.928827119598672","7.4704854590878655","592344","551169","7.4704854590878655","-"
"1150217","11501","6505","台塑化","油電燃氣業","53173547","52936902","59540547","0.44703220449130177","-10.693553084085707","53173547","59540547","-10.693553084085707","-"
"1150217","11501","6515","穎崴","半導體業","885983","927982","668037","-4.52584209607514","32.62483964211563","885983","668037","32.62483964211563","-"
"1150217","11501","6525","捷敏-KY","半導體業","461800","458622","385308","0.6929453885770853","19.85217021188244","461800","385308","19.85217021188244","-"
"1150217","11501","6526","達發","半導體業","1836660","1493678","1744559","22.962244874732036","5.2793284721239","1836660","1744559","5.2793284721239","-"
"1150217","11501","6531","愛普*","半導體業","613472","812924","316606","-24.535134895759015","93.76512131797881","613472","316606","93.76512131797881","因市場需求相對增加所致"
"1150217","11501","6533","晶心科","半導體業","102956","201051","95496","-48.79110275502236","7.811845522325543","102956","95496","7.811845522325543","-"
"1150217","11501","6534","正瀚-創","生技醫療業","219296","152990","218068","43.340087587424016","0.5631270979694407","219296","218068","0.5631270979694407","-"
"1150217","11501","6541","泰福-KY","生技醫療業","17649","20128","3337","-12.316176470588236","428.8882229547498","17649","3337","428.8882229547498","本公司於2025年1月20日完成合併保瑞生技。"
"1150217","11501","6550","北極星藥業-KY","生技醫療業","18429","3108","1340","492.95366795366795","1275.2985074626865","18429","1340","1275.2985074626865","子公司CDMO代工收入。本月增減變動達50%主係因CDMO代工收入係依合約內容進行之進度隨之認列相關收入所致。"
"1150217","11501","6552","易華電","半導體業","103556","94658","152142","9.400156352342115","-31.934640007361544","103556","152142","-31.934640007361544","-"
"1150217","11501","6558","興能高","其他電子業","69483","87347","104399","-20.451761365587828","-33.44476479659767","69483","104399","-33.44476479659767","-"
"1150217","11501","6573","虹揚-KY","半導體業","67824","64138","78611","5.746983067760143","-13.721998193637022","67824","78611","-13.721998193637022","-"
"1150217","11501","6579","研揚","電腦及週邊設備業","755958","869777","559151","-13.085997905210187","35.19746901999639","755958","559151","35.19746901999639","-"
"1150217","11501","6581","鋼聯","綠能環保","106638","273351","185000","-60.988619028282315","-42.357837837837835","106638","185000","-42.357837837837835","-"
"1150217","11501","6582","申豐","橡膠工業","37436","47420","109136","-21.05440742302826","-65.69784489077848","37436","109136","-65.69784489077848","本月及本年累計營業收入受市場狀況影響，營收減少。"
"1150217","11501","6585","鼎基","其他","281713","291490","317812","-3.354145939826409","-11.358601940770015","281713","317812","-11.358601940770015","-"
"1150217","11501","6589","台康生技","生技醫療業","108766","157759","50109","-31.055597461951457","117.05881179029716","108766","50109","117.05881179029716","本月營收較去年同期增加主係銷售自有產品原料藥及委託研究開發暨生產服務(CDMO)業務成長所致。"
"1150217","11501","6591","動力-KY","電腦及週邊設備業","146450","120512","134723","21.5231678173128","8.704527066647863","146450","134723","8.704527066647863","-"
"1150217","11501","6592","和潤企業","其他","2019817","1944062","2040036","3.896737861241051","-0.9911099608046132","2019817","2040036","-0.9911099608046132","-"
"1150217","11501","6598","ABC-KY","生技醫療業","79026","54545","42054","44.88220735172793","87.91553716650021","79026","42054","87.91553716650021","本年度累積營收增長，主係市場開發成果與客戶需求提升，致使出貨增加。"
"1150217","11501","6605","帝寶","汽車工業","1629144","1806192","1704148","-9.802280156262457","-4.401260923347033","1629144","1704148","-4.401260923347033","-"
"1150217","11501","6606","建德工業","電機機械","69095","72211","62185","-4.315132043594466","11.112004502693576","69095","62185","11.112004502693576","-"
"1150217","11501","6614","資拓宏宇","數位雲端","517114","955891","202202","-45.9024093751275","155.74128841455575","517114","202202","155.74128841455575","本月有大型政府專案驗收，故單月合併營收較去年同期增加超過50%。"
"1150217","11501","6625","必應","其他","253982","537414","173916","-52.73997327944564","46.03716736815474","253982","173916","46.03716736815474","-"
"1150217","11501","6641","基士德-KY","綠能環保","165870","168827","143339","-1.7514970946590296","15.718680889360188","165870","143339","15.718680889360188","-"
"1150217","11501","6645","金萬林-創","生技醫療業","45124","61585","33230","-26.728911260858975","35.79295817032801","45124","33230","35.79295817032801","-"
"1150217","11501","6655","科定","其他","268484","260314","146983","3.138517329071813","82.66330119809774","268484","146983","82.66330119809774","去年度1月份淡季(農曆春節)，故今年較去年度大幅成長。"
"1150217","11501","6657","華安","生技醫療業","391","1121","432","-65.12042818911686","-9.49074074074074","391","432","-9.49074074074074","-"
"1150217","11501","6658","聯策","其他電子業","201960","218871","140129","-7.726469015995724","44.12434257006044","201960","140129","44.12434257006044","-"
"1150217","11501","6666","羅麗芬-KY","生技醫療業","67425","118177","61937","-42.94575086522758","8.860616432826905","67425","61937","8.860616432826905","-"
"1150217","11501","6668","中揚光","光電業","117143","145524","82917","-19.50262499656414","41.277422000313564","117143","82917","41.277422000313564","-"
"1150217","11501","6669","緯穎","電腦及週邊設備業","83225290","104290789","37506396","-20.19881065431387","121.89626004055415","83225290","37506396","121.89626004055415","主要係客戶需求強勁"
"1150217","11501","6670","復盛應用","運動休閒","3168074","3295179","3668268","-3.8573018339823117","-13.635699463616072","3168074","3668268","-13.635699463616072","-"
"1150217","11501","6671","三能-KY","居家生活","160654","222461","129054","-27.783296847537322","24.48587413020906","160654","129054","24.48587413020906","-"
"1150217","11501","6672","騰輝電子-KY","電子零組件業","409757","382732","316828","7.061076680288035","29.331056598532957","409757","316828","29.331056598532957","-"
"1150217","11501","6674","鋐寶科技","通信網路業","16376","42608","60294","-61.56590311678558","-72.8397518824427","16376","60294","-72.8397518824427","因產線調整，遞延出貨。"
"1150217","11501","6689","伊雲谷","數位雲端","1052685","1044759","1047885","0.7586438594929549","0.45806553200017175","1052685","1047885","0.45806553200017175","-"
"1150217","11501","6691","洋基工程","其他電子業","2366859","3111794","1311668","-23.939084656632154","80.44650018144836","2366859","1311668","80.44650018144836","本月營收較去年同期增加80.45%，主要係因本月正在投入進行的專案較去年同期增加所致。"
"1150217","11501","6695","芯鼎","半導體業","90180","93171","70016","-3.2102263579869272","28.799131627056674","90180","70016","28.799131627056674","-"
"1150217","11501","6698","旭暉應材","其他電子業","69402","132383","54595","-47.57483966974612","27.121531275757853","69402","54595","27.121531275757853","-"
"1150217","11501","6706","惠特","光電業","50389","43178","139265","16.700634582426236","-63.81790112375687","50389","139265","-63.81790112375687","主係因公司積極轉型，產品仍處於驗證狀態，客戶尚未放量，致使本期營收相較去年同期下降"
"1150217","11501","6715","嘉基","電子零組件業","190613","177212","150963","7.562128975464415","26.264713870286098","190613","150963","26.264713870286098","-"
"1150217","11501","6719","力智","半導體業","383626","342287","340882","12.077291863260948","12.539236451323331","383626","340882","12.539236451323331","-"
"1150217","11501","6722","輝創","其他電子業","414083","415598","425507","-0.3645349592635191","-2.68479719487576","414083","425507","-2.68479719487576","-"
"1150217","11501","6742","澤米","光電業","30977","35882","45511","-13.669806588261524","-31.935136560391992","30977","45511","-31.935136560391992","-"
"1150217","11501","6743","安普新","其他電子業","461876","455881","449327","1.315036160752477","2.7928435193077648","461876","449327","2.7928435193077648","-"
"1150217","11501","6753","龍德造船","航運業","566571","630318","485836","-10.113466535939002","16.617747552672096","566571","485836","16.617747552672096","-"
"1150217","11501","6754","匯僑設計","居家生活","201687","268782","224548","-24.962609103288166","-10.180896734773857","201687","224548","-10.180896734773857","-"
"1150217","11501","6756","威鋒電子","半導體業","162211","140684","140123","15.301668988655427","15.763293677697451","162211","140123","15.763293677697451","-"
"1150217","11501","6757","台灣虎航","航運業","1659590","1485578","1691824","11.71342063493132","-1.9052809275669336","1659590","1691824","-1.9052809275669336","-"
"1150217","11501","6768","志強-KY","運動休閒","1526751","1339975","1645510","13.938767514319297","-7.217154559984443","1526751","1645510","-7.217154559984443","-"
"1150217","11501","6770","力積電","半導體業","4618023","4269182","3657160","8.17114379288585","26.273474499338285","4618023","3657160","26.273474499338285","-"
"1150217","11501","6771","平和環保-創","綠能環保","47709","46669","51126","2.22846000557115","-6.683487853538317","47709","51126","-6.683487853538317","-"
"1150217","11501","6776","展碁國際","電子通路業","2897288","2695957","2071551","7.467886171774995","39.8608096059426","2897288","2071551","39.8608096059426","-"
"1150217","11501","6781","AES-KY","電子零組件業","1540113","1538447","1051577","0.10829102335017066","46.45746340971702","1540113","1051577","46.45746340971702","-"
"1150217","11501","6782","視陽","生技醫療業","376444","337029","251361","11.694839316497987","49.76229407107706","376444","251361","49.76229407107706","-"
"1150217","11501","6789","采鈺","半導體業","772684","765176","699005","0.9812121655671375","10.54055407328989","772684","699005","10.54055407328989","無"
"1150217","11501","6790","永豐實","造紙工業","918827","905215","897603","1.503731157791243","2.364519726426939","918827","897603","2.364519726426939","-"
"1150217","11501","6792","詠業","通信網路業","115210","84722","105080","35.98593045489955","9.640274076893796","115210","105080","9.640274076893796","-"
"1150217","11501","6794","向榮生技","生技醫療業","1779","2104","3370","-15.446768060836503","-47.210682492581604","1779","3370","-47.210682492581604","-"
"1150217","11501","6796","晉弘","生技醫療業","42562","79193","37011","-46.25535085171669","14.998243765367054","42562","37011","14.998243765367054","-"
"1150217","11501","6799","來頡","半導體業","80648","81355","80966","-0.8690307909778133","-0.39275745374601684","80648","80966","-0.39275745374601684","-"
"1150217","11501","6805","富世達","電子零組件業","1404405","1187534","650896","18.262298174199643","115.76488409822767","1404405","650896","115.76488409822767","較去年同期客戶需求增加"
"1150217","11501","6806","森崴能源","綠能環保","428960","1836099","2786957","-76.63742532401575","-84.60830217330228","428960","2786957","-84.60830217330228","主要係因離岸之主要工程依完工比例認列收入所致"
"1150217","11501","6807","峰源-KY","居家生活","320172","359098","407232","-10.839937844265354","-21.37847713342763","320172","407232","-21.37847713342763","-"
"1150217","11501","6830","汎銓","其他電子業","202054","213484","161006","-5.354031215454086","25.494702060792765","202054","161006","25.494702060792765","-"
"1150217","11501","6831","邁科","電腦及週邊設備業","314337","317149","182713","-0.8866494928251389","72.03866172631395","314337","182713","72.03866172631395","業績成長"
"1150217","11501","6834","天二科技","電子零組件業","139205","115333","112882","20.698325717704385","23.31904112258819","139205","112882","23.31904112258819","-"
"1150217","11501","6835","圓裕","電子零組件業","221018","179919","217953","22.84305715349685","1.4062664886466347","221018","217953","1.4062664886466347","-"
"1150217","11501","6838","台新藥","生技醫療業","0","3226","0","-100.0","","0","0","","本月未認列收入"
"1150217","11501","6854","錼創科技-KY創","半導體業","48764","151962","122353","-67.91039865229465","-60.14482685344863","48764","122353","-60.14482685344863","本月及本年累計營收減少主要係因工程收入減少所致"
"1150217","11501","6861","睿生光電","生技醫療業","256670","216957","176427","18.304548827647874","45.48226745339432","256670","176427","45.48226745339432","-"
"1150217","11501","6862","三集瑞-KY","電子零組件業","183004","156685","185095","16.797396049398476","-1.1296901591074853","183004","185095","-1.1296901591074853","-"
"1150217","11501","6863","永道-KY","通信網路業","403750","455585","425992","-11.37767924756083","-5.221224811733554","403750","425992","-5.221224811733554","-"
"1150217","11501","6869","雲豹能源","綠能環保","355674","1025477","288729","-65.31623819939404","23.186101846368047","355674","288729","23.186101846368047","-"
"1150217","11501","6873","泓德能源","綠能環保","316035","1635799","436896","-80.68008355549796","-27.6635629531971","316035","436896","-27.6635629531971","-"
"1150217","11501","6885","全福生技","生技醫療業","987","1063","33","-7.149576669802446","2890.909090909091","987","33","2890.909090909091","諮詢服務收入、含子公司營業收入"
"1150217","11501","6887","寶綠特-KY","綠能環保","280206","872356","538918","-67.87939786050649","-48.0058190670937","280206","538918","-48.0058190670937","-"
"1150217","11501","6890","來億-KY","運動休閒","2521973","3294434","3665802","-23.447457135277258","-31.20269452632739","2521973","3665802","-31.20269452632739","-"
"1150217","11501","6901","鑽石投資","其他","-16238","107844","-309244","-115.05693408998182","94.74913013672052","-16238","-309244","94.74913013672052","營業收入為投資標的之評價損益(含已實現及未實現)，投資標的的股數及公允價值變動情形，請參考本公司網站投資人專區/財務資訊。"
"1150217","11501","6902","GOGOLOOK","數位雲端","104361","101577","75961","2.740777932012168","37.387606798225406","104361","75961","37.387606798225406","-"
"1150217","11501","6906","現觀科","數位雲端","24367","39025","24015","-37.56053811659193","1.4657505725588174","24367","24015","1.4657505725588174","-"
"1150217","11501","6909","創控","半導體業","33281","105955","43771","-68.58949554055967","-23.965639350254733","33281","43771","-23.965639350254733","-"
"1150217","11501","6914","阜爾運通","其他","472224","533238","442935","-11.44217028793897","6.6124826441802975","472224","442935","6.6124826441802975","-"
"1150217","11501","6916","華凌","光電業","180950","182482","188998","-0.8395348582325928","-4.25824611900655","180950","188998","-4.25824611900655","-"
"1150217","11501","6918","愛派司","生技醫療業","71401","72039","63214","-0.8856313941059704","12.951244977378428","71401","63214","12.951244977378428","-"
"1150217","11501","6919","康霈*","生技醫療業","0","0","0","","","0","0","","本公司新藥仍在研發階段，目前營收來源為健康食品銷售，僅於出貨予代理商之月份認列營收，因並非每月固定出貨致使營收變動。"
"1150217","11501","6921","嘉雨思-創","半導體業","9302","19172","20173","-51.48132693511371","-53.88886134932831","9302","20173","-53.88886134932831","受記憶體漲價影響，客戶調降消費性電子商品生產量，使公司營收隨之下滑。"
"1150217","11501","6923","中台","綠能環保","112058","108007","101444","3.750682826113122","10.462915500177438","112058","101444","10.462915500177438","-"
"1150217","11501","6924","榮惠-KY創","電子零組件業","176441","147751","170310","19.417804278820448","3.599906053666843","176441","170310","3.599906053666843","-"
"1150217","11501","6928","攸泰科技","電腦及週邊設備業","237433","115693","215428","105.22676393558815","10.214549640715227","237433","215428","10.214549640715227","-"
"1150217","11501","6931","青松健康","生技醫療業","105185","102153","83947","2.9680968742963985","25.299295984371092","105185","83947","25.299295984371092","-"
"1150217","11501","6933","AMAX-KY","電腦及週邊設備業","627823","696584","521657","-9.871171316022188","20.351687028066333","627823","521657","20.351687028066333","-"
"1150217","11501","6934","心誠鎂","生技醫療業","41","11277","349","-99.63642812804824","-88.25214899713467","41","349","-88.25214899713467","公司非每月固定出貨銷售，需搭配客戶及市場銷售策略作調整，故有此差異"
"1150217","11501","6936","永鴻生技","生技醫療業","143810","120135","121811","19.706996295833854","18.05994532513484","143810","121811","18.05994532513484","-"
"1150217","11501","6937","天虹","半導體業","152619","383184","125767","-60.17083176750595","21.350592762807413","152619","125767","21.350592762807413","-"
"1150217","11501","6944","兆聯實業","綠能環保","1377223","2014675","908553","-31.640438284090486","51.58422238438484","1377223","908553","51.58422238438484","本公司因推進台灣專案工程，致本月營收較去年同期明顯成長。"
"1150217","11501","6949","沛爾生醫-創","生技醫療業","1979","2316","9139","-14.550949913644214","-78.34555202976256","1979","9139","-78.34555202976256","主係子公司去年同期及去年累計認列對新客戶之委任規劃廠房設計收入，本期則無所致。"
"1150217","11501","6951","青新-創","綠能環保","73950","83411","60865","-11.342628670079486","21.498398094142775","73950","60865","21.498398094142775","-"
"1150217","11501","6952","大武山","其他","200611","190090","158024","5.534746698932085","26.949703842454312","200611","158024","26.949703842454312","-"
"1150217","11501","6955","邦睿生技-創","生技醫療業","26381","31388","21358","-15.951956161590417","23.51811967412679","26381","21358","23.51811967412679","-"
"1150217","11501","6957","裕慶-KY","其他","287494","674568","347976","-57.38102014919178","-17.381083752902498","287494","347976","-17.381083752902498","-"
"1150217","11501","6958","日盛台駿","其他","925154","881017","1023844","5.00977847192506","-9.639163778856934","925154","1023844","-9.639163778856934","-"
"1150217","11501","6962","奕力-KY","半導體業","1464428","1585793","1522749","-7.653268743146174","-3.829981172208946","1464428","1522749","-3.829981172208946","-"
"1150217","11501","6965","中傑-KY","運動休閒","1645122","1577595","2061365","4.280376142165765","-20.192590831803198","1645122","2061365","-20.192590831803198","-"
"1150217","11501","6969","成信實業*-創","綠能環保","30164","78765","22451","-61.70380245032692","34.35481715736493","30164","22451","34.35481715736493","-"
"1150217","11501","6988","威力暘-創","汽車工業","61385","61111","70152","0.4483644515717301","-12.49714904778196","61385","70152","-12.49714904778196","-"
"1150217","11501","6994","富威電力","綠能環保","332789","1968966","155236","-83.09828610549903","114.37617562936433","332789","155236","114.37617562936433","係因依進度認列工程收入所致"
"1150217","11501","7610","聯友金屬-創","綠能環保","268780","194359","51423","38.29048307513416","422.68440192131925","268780","51423","422.68440192131925","1月單月合併營收較去年同期增加422.68%，主要在於鎢酸鈉出貨價格及數量較去年同期增加，以及產品品項增加所致。"
"1150217","11501","7631","聚賢研發-創","其他電子業","150218","250850","51120","-40.11640422563285","193.85367762128325","150218","51120","193.85367762128325","本月營收較去年同期成長，主要受惠於新加坡訂單挹注。"
"1150217","11501","7705","三商餐飲","觀光餐旅","512673","591307","569799","-13.298337411868962","-10.02564062063991","512673","569799","-10.02564062063991","-"
"1150217","11501","7711","永擎","電腦及週邊設備業","4816791","1967679","2946907","144.79556878942145","63.45242656113681","4816791","2946907","63.45242656113681","客戶需求強勁"
"1150217","11501","7721","微程式","數位雲端","41522","54905","41019","-24.374829250523632","1.2262610009995367","41522","41019","1.2262610009995367","-"
"1150217","11501","7722","LINEPAY","數位雲端","719619","717737","623342","0.2622130390379763","15.44529327399726","719619","623342","15.44529327399726","-"
"1150217","11501","7730","暉盛-創","半導體業","40474","63709","35399","-36.470514370026216","14.33656317975084","40474","35399","14.33656317975084","-"
"1150217","11501","7732","金興精密","汽車工業","88385","73318","89401","20.550205952153632","-1.136452612386886","88385","89401","-1.136452612386886","-"
"1150217","11501","7736","虎山","汽車工業","132958","115288","129130","15.326833668725278","2.964454425772477","132958","129130","2.964454425772477","-"
"1150217","11501","7740","熙特爾-創","綠能環保","800283","2547685","113625","-68.58783562332079","604.3194719471948","800283","113625","604.3194719471948","本月及本年營收較去年同期營收增加，主要係因依專案進度認列收入所致。"
"1150217","11501","7749","意騰-KY","半導體業","183585","122177","128738","50.26150584807288","42.60358246982243","183585","128738","42.60358246982243","-"
"1150217","11501","7750","新代","電機機械","1676314","1472730","826092","13.823579339050607","102.9209821666352","1676314","826092","102.9209821666352","114年全年度開發客戶、穩固市場關係策略成功。交易走勢表現優異。"
"1150217","11501","7765","中華資安","數位雲端","223289","252934","155676","-11.720448812733757","43.4318713224903","223289","155676","43.4318713224903","-"
"1150217","11501","7769","鴻勁","半導體業","3340793","3329188","1920647","0.3485834984386583","73.9410209163891","3340793","1920647","73.9410209163891","主要係因市場需求較去年同期成長所致。"
"1150217","11501","7780","大研生醫*","食品工業","138385","182993","85763","-24.37688873344882","61.3574618425195","138385","85763","61.3574618425195","大研醫美系列第一款保濕除皺外泌體精華液、納豆紅麴Q10等新品熱銷，營收年增61%，展現產品力與品牌實力。"
"1150217","11501","7786","東方風能","綠能環保","319988","359432","196430","-10.973981170290903","62.90179707783943","319988","196430","62.90179707783943","主要受部分業務增加所致"
"1150217","11501","7788","松川精密","電子零組件業","675951","603208","579357","12.059355976711185","16.672621544229205","675951","579357","16.672621544229205","-"
"1150217","11501","7791","皇家可口","食品工業","139787","148596","188592","-5.928154189883981","-25.878616272164248","139787","188592","-25.878616272164248","-"
"1150217","11501","7795","長廣","電子零組件業","128285","362596","149992","-64.62040397577469","-14.472105178942877","128285","149992","-14.472105178942877","-"
"1150217","11501","7799","禾榮科","生技醫療業","1666","1972","0","-15.517241379310345","","1666","0","","使用硼中子捕獲治療(BNCT)之恩慈治療照射費及藥品收入"
"1150217","11501","7823","奧義賽博-KY創","數位雲端","33184","54860","23345","-39.51148377688662","42.146069822231745","33184","23345","42.146069822231745","-"
"1150217","11501","8011","台通","通信網路業","156018","185072","110294","-15.698755079104348","41.45647088690228","156018","110294","41.45647088690228","-"
"1150217","11501","8016","矽創","半導體業","1780114","1886317","1402776","-5.630177748490842","26.899376664556566","1780114","1402776","26.899376664556566","-"
"1150217","11501","8021","尖點","其他電子業","453191","466079","284728","-2.7651964581111788","59.1662920401225","453191","284728","59.1662920401225","在市場需求增加與產品結構持續升級的雙重推動下，2026年1月營收較去年同期增加59.17%"
"1150217","11501","8028","昇陽半導體","半導體業","420144","400693","360072","4.854339856199135","16.683330000666533","420144","360072","16.683330000666533","-"
"1150217","11501","8033","雷虎","其他","158127","125253","86038","26.246077938252977","83.78739626676585","158127","86038","83.78739626676585","無人機及新產品出貨"
"1150217","11501","8039","台虹","電子零組件業","876246","882104","741086","-0.6640940297289208","18.23809922195265","876246","741086","18.23809922195265","自結數尚未經會計師簽證，特此說明。"
"1150217","11501","8045","達運光電","通信網路業","161815","105543","68880","53.31665766559601","134.92305458768874","161815","68880","134.92305458768874","產品品項增換"
"1150217","11501","8046","南電","電子零組件業","3720425","3923814","2566125","-5.1834516111110265","44.982220273759076","3720425","2566125","44.982220273759076","-"
"1150217","11501","8070","長華*","電子通路業","1777993","1790722","1461227","-0.7108306035219314","21.678082871449817","1777993","1461227","21.678082871449817","-"
"1150217","11501","8072","陞泰","電子通路業","136441","129768","69289","5.142253868442143","96.91581636334772","136441","69289","96.91581636334772","因受惠終端客戶需求成長，及新增客戶所致。"
"1150217","11501","8081","致新","半導體業","787471","671280","729287","17.30887260159695","7.978203368495531","787471","729287","7.978203368495531","-"
"1150217","11501","8101","華冠","通信網路業","37174","20906","28216","77.8149813450684","31.74794442869294","37174","28216","31.74794442869294","-"
"1150217","11501","8103","瀚荃","電子零組件業","363085","332182","252892","9.303032674858963","43.57314584882084","363085","252892","43.57314584882084","係本公司自結合併營收"
"1150217","11501","8104","錸寶","光電業","137352","162316","189333","-15.37987629069223","-27.454801857045524","137352","189333","-27.454801857045524","-"
"1150217","11501","8105","凌巨","光電業","775061","707831","648671","9.498029896966932","19.484453598203096","775061","648671","19.484453598203096","-"
"1150217","11501","8110","華東","半導體業","682833","713924","614138","-4.354945344322365","11.185596722560728","682833","614138","11.185596722560728","-"
"1150217","11501","8112","至上","電子通路業","25631121","27302034","14857735","-6.12010445815136","72.51028504681231","25631121","14857735","72.51028504681231","營收大幅成長，主要記憶體等零組件價格上漲，伺服器及手機客戶等客戶拉貨動能增加所致。"
"1150217","11501","8114","振樺電","電腦及週邊設備業","1049073","1074038","1385335","-2.3244056541761093","-24.272973685065345","1049073","1385335","-24.272973685065345","-"
"1150217","11501","8131","福懋科","半導體業","1031067","1054829","746781","-2.2526874024130925","38.06818866575341","1031067","746781","38.06818866575341","-"
"1150217","11501","8150","南茂","半導體業","2290436","2203330","1745306","3.9533796571553057","31.23406439902229","2290436","1745306","31.23406439902229","-"
"1150217","11501","8162","微矽電子-創","半導體業","93425","97281","91270","-3.9637750434308856","2.3611263284759505","93425","91270","2.3611263284759505","-"
"1150217","11501","8163","達方","電腦及週邊設備業","1852652","1989289","1908443","-6.868634974606505","-2.9233778530456505","1852652","1908443","-2.9233778530456505","-"
"1150217","11501","8201","無敵","其他電子業","55625","47284","37573","17.64021656374249","48.045138796476195","55625","37573","48.045138796476195","-"
"1150217","11501","8210","勤誠","電腦及週邊設備業","2650248","2710524","1118196","-2.223776657207241","137.01104278677442","2650248","1118196","137.01104278677442","終端客戶所需產品大量出貨"
"1150217","11501","8213","志超","電子零組件業","1975382","1548207","1478460","27.591594664021027","33.610784194364406","1975382","1478460","33.610784194364406","-"
"1150217","11501","8215","明基材","光電業","1601545","1483598","1362364","7.950064640151847","17.55632121811792","1601545","1362364","17.55632121811792","-"
"1150217","11501","8222","寶一","電機機械","81047","84919","86470","-4.5596391855768434","-6.271539262171851","81047","86470","-6.271539262171851","-"
"1150217","11501","8249","菱光","電子零組件業","411268","395781","379347","3.9130226059361113","8.414723195385754","411268","379347","8.414723195385754","-"
"1150217","11501","8261","富鼎","半導體業","288877","230720","242056","25.206744105409154","19.343044584724197","288877","242056","19.343044584724197","-"
"1150217","11501","8271","宇瞻","半導體業","2092486","850136","627714","146.13544185871436","233.3502200046518","2092486","627714","233.3502200046518","本月營收較去年同期增加係因市場價格大幅上漲所致"
"1150217","11501","8341","日友","綠能環保","388290","323821","308758","19.90883852498757","25.758684795211785","388290","308758","25.758684795211785","-"
"1150217","11501","8367","建新國際","航運業","268418","286680","260851","-6.370168829356774","2.9008897799893427","268418","260851","2.9008897799893427","無"
"1150217","11501","8374","羅昇","電機機械","477605","413989","377840","15.366591865967454","26.404033453313573","477605","377840","26.404033453313573","-"
"1150217","11501","8404","百和興業-KY","其他","743266","680911","602358","9.157584471392003","23.392733225092055","743266","602358","23.392733225092055","-"
"1150217","11501","8411","福貞-KY","其他","1207040","1035646","819407","16.549477331057137","47.30652776947231","1207040","819407","47.30652776947231","-"
"1150217","11501","8422","可寧衛*","綠能環保","331238","345544","474294","-4.1401384483596875","-30.161882714097164","331238","474294","-30.161882714097164","-"
"1150217","11501","8429","金麗-KY","貿易百貨","8903","14958","15930","-40.48001069661719","-44.11173885750157","8903","15930","-44.11173885750157","主係去年農曆春節在一月底，代理商提前於去年一月完成備貨，致使今年一月營收較去年同期下降。"
"1150217","11501","8438","昶昕","綠能環保","409271","374276","257245","9.350051833406363","59.09774728371786","409271","257245","59.09774728371786","本月營業收入增加，主係國際銅價上漲及產銷量增加"
"1150217","11501","8442","威宏-KY","其他","618585","719373","678477","-14.01053417350943","-8.827417878572154","618585","678477","-8.827417878572154","-"
"1150217","11501","8443","阿瘦","貿易百貨","97072","102458","110748","-5.256788147338422","-12.348755733737855","97072","110748","-12.348755733737855","-"
"1150217","11501","8454","富邦媒","數位雲端","9322566","9196237","9148350","1.3737031788110723","1.9043434061880011","9322566","9148350","1.9043434061880011","-"
"1150217","11501","8462","柏文","運動休閒","557796","555008","427263","0.5023351014760148","30.550972117875876","557796","427263","30.550972117875876","-"
"1150217","11501","8463","潤泰材","其他","642992","662256","545865","-2.908844917977338","17.793227263151145","642992","545865","17.793227263151145","-"
"1150217","11501","8464","億豐","居家生活","2365768","2617818","2525223","-9.628247647468235","-6.314491829038465","2365768","2525223","-6.314491829038465","-"
"1150217","11501","8466","美吉吉-KY","其他","314904","288900","308227","9.00103842159917","2.1662605806759303","314904","308227","2.1662605806759303","-"
"1150217","11501","8467","波力-KY","運動休閒","261859","135705","195864","92.96193950112377","33.69429808438508","261859","195864","33.69429808438508","-"
"1150217","11501","8473","山林水","綠能環保","378342","579689","304306","-34.73362440895032","24.329457848350017","378342","304306","24.329457848350017","-"
"1150217","11501","8476","台境*","綠能環保","118478","136865","52310","-13.434406166660578","126.49206652647678","118478","52310","126.49206652647678","工案進入密集施工期，故營收較去年明顯成長。"
"1150217","11501","8478","東哥遊艇","運動休閒","31328","379368","321445","-91.74205520760844","-90.25400923952776","31328","321445","-90.25400923952776","主係認列遊艇銷貨收入減少所致"
"1150217","11501","8481","政伸","其他","113145","100511","104103","12.569768483051606","8.685628656234691","113145","104103","8.685628656234691","-"
"1150217","11501","8482","商億-KY","居家生活","336859","339567","281640","-0.7974862103796895","19.606234909813946","336859","281640","19.606234909813946","-"
"1150217","11501","8487","愛爾達-創","數位雲端","48355","62580","62839","-22.73090444231384","-23.049380162001306","48355","62839","-23.049380162001306","-"
"1150217","11501","8488","吉源-KY","其他","367882","390295","235064","-5.742579331018844","56.50290984582922","367882","235064","56.50290984582922","因114年1月適逢農曆年節，工作天數較少所致"
"1150217","11501","8499","鼎炫-KY","其他電子業","343999","387684","187248","-11.268197810588005","83.71304366401777","343999","187248","83.71304366401777","較去年同期增加比率大於50%係因於本年8、9月份分別收購常州威斯雙聯科技有限公司及蘇州德佑新材料 科技有限公司所致"
"1150217","11501","8926","台汽電","油電燃氣業","5489611","546763","470306","904.0202061953717","1067.2423911240767","5489611","470306","1067.2423911240767","本月及累計合併營業收入較去年同期增加，主要係自115年起因將森霸、星 電、星元納入為子公司，故併入合併營收計算。"
"1150217","11501","8940","新天地","觀光餐旅","251395","160927","330956","56.21679395005189","-24.039751507753298","251395","330956","-24.039751507753298","-"
"1150217","11501","8996","高力","電機機械","1216032","935641","291484","29.9677974778788","317.1865351099889","1216032","291484","317.1865351099889","115年1月營收較去年同期增加317.19%，主要係板式熱交換器及熱能產品之營業額，較去年同期分別增加29.28%及增加521.93%所致。"
"1150217","11501","9105","泰金寶-DR","存託憑證","11183616","10810888","12044288","3.447709383355003","-7.145893555517769","11183616","12044288","-7.145893555517769","-"
"1150217","11501","912000","晨訊科-DR","存託憑證","124585","212164","177765","-41.27891631002432","-29.915900205327258","124585","177765","-29.915900205327258","-"
"1150217","11501","9802","鈺齊-KY","運動休閒","1452365","1744644","1529962","-16.75293068385298","-5.071825313308435","1452365","1529962","-5.071825313308435","-"
"1150217","11501","9902","台火","其他","4110","57463","2477","-92.84757148077894","65.92652402099314","4110","2477","65.92652402099314","本月營收較去年同期增加主要係本月有出售進口汽車營業收入所致。"
"1150217","11501","9904","寶成","運動休閒","22348118","20457885","26598532","9.239630587423871","-15.979881897241548","22348118","26598532","-15.979881897241548","-"
"1150217","11501","9905","大華","其他","981185","789357","710722","24.301805140133045","38.054682421537535","981185","710722","38.054682421537535","-"
"1150217","11501","9906","欣巴巴","建材營造","292204","727379","39081","-59.82782015977915","647.6881348993116","292204","39081","647.6881348993116","本月營收與去年同期之差異，主係本月新個案仍持續入帳。"
"1150217","11501","9907","統一實","其他","4314609","3974178","3817562","8.566073286098408","13.020011200865893","4314609","3817562","13.020011200865893","-"
"1150217","11501","9908","大台北","油電燃氣業","329343","287754","314939","14.452970245417962","4.573584090887442","329343","314939","4.573584090887442","-"
"1150217","11501","9910","豐泰","運動休閒","6825722","6660941","6949328","2.4738396571895773","-1.7786755784156396","6825722","6949328","-1.7786755784156396","合併營業收入為本公司自結數."
"1150217","11501","9911","櫻花","居家生活","1097374","942279","987796","16.459562401369446","11.093181183159276","1097374","987796","11.093181183159276","-"
"1150217","11501","9912","偉聯","電腦及週邊設備業","40720","46280","38112","-12.013828867761452","6.842989084802687","40720","38112","6.842989084802687","-"
"1150217","11501","9914","美利達","運動休閒","1391355","1596527","2500664","-12.85114501665177","-44.360577830528214","1391355","2500664","-44.360577830528214","-"
"1150217","11501","9917","中保科","其他","1587466","1720894","1492355","-7.753411889401671","6.373215488271892","1587466","1492355","6.373215488271892","-"
"1150217","11501","9918","欣天然","油電燃氣業","240657","169569","263970","41.922757107726056","-8.83168541879759","240657","263970","-8.83168541879759","-"
"1150217","11501","9919","康那香","其他","241818","217358","234768","11.253324009238215","3.0029646289102434","241818","234768","3.0029646289102434","-"
"1150217","11501","9921","巨大","運動休閒","3674829","3594024","4687457","2.248315537124961","-21.60292883753387","3674829","4687457","-21.60292883753387","-"
"1150217","11501","9924","福興","居家生活","573076","573151","654395","-0.01308555686023404","-12.426592501470823","573076","654395","-12.426592501470823","-"
"1150217","11501","9925","新保","其他","711716","749068","652773","-4.98646317824283","9.029632046668597","711716","652773","9.029632046668597","-"
"1150217","11501","9926","新海","油電燃氣業","258769","218308","258752","18.53390622423365","0.0065699975265891665","258769","258752","0.0065699975265891665","-"
"1150217","11501","9927","泰銘","其他","741736","784626","659922","-5.466298593215112","12.397525768196848","741736","659922","12.397525768196848","-"
"1150217","11501","9928","中視","其他","95872","118298","91638","-18.957209758406737","4.62035400161505","95872","91638","4.62035400161505","-"
"1150217","11501","9929","秋雨","其他","52003","55916","49046","-6.9979969954932395","6.029033968111569","52003","49046","6.029033968111569","-"
"1150217","11501","9930","中聯資源","綠能環保","1242039","1243621","1127024","-0.12720917385602204","10.205195275344625","1242039","1127024","10.205195275344625","-"
"1150217","11501","9931","欣高","油電燃氣業","138640","137151","121586","1.085664705324788","14.02628592107644","138640","121586","14.02628592107644","-"
"1150217","11501","9933","中鼎","其他","5606993","11559711","5885745","-51.49538773071403","-4.736052955063463","5606993","5885745","-4.736052955063463","-"
"1150217","11501","9934","成霖","居家生活","1510464","1247827","1468708","21.04754905928466","2.8430430010594345","1510464","1468708","2.8430430010594345","-"
"1150217","11501","9935","慶豐富","居家生活","416492","414935","412230","0.375239495342644","1.0338888484583848","416492","412230","1.0338888484583848","-"
"1150217","11501","9937","全國","油電燃氣業","1801649","1866399","1971557","-3.4692474653061858","-8.6179603227297","1801649","1971557","-8.6179603227297","-"
"1150217","11501","9938","百和","其他","1565417","1348442","1285001","16.090792188318073","21.82223982705072","1565417","1285001","21.82223982705072","-"
"1150217","11501","9939","宏全","其他","2360339","2024330","2303363","16.598528895980397","2.4736005570984685","2360339","2303363","2.4736005570984685","-"
"1150217","11501","9940","信義","其他","1052053","2828058","581744","-62.79945460807381","80.84466707005143","1052053","581744","80.84466707005143","本公司之子公司「嘉品」建案，於115年1月交屋認列營收237佰萬元，且114年1月春節而作業天數較少。"
"1150217","11501","9941","裕融","其他","3258710","3378768","3217153","-3.5533070042098185","1.2917321619456705","3258710","3217153","1.2917321619456705","-"
"1150217","11501","9942","茂順","其他","401646","358684","287007","11.977673941408035","39.942928221262896","401646","287007","39.942928221262896","-"
"1150217","11501","9943","好樂迪","觀光餐旅","216320","209212","273733","3.397510659044414","-20.97408788856294","216320","273733","-20.97408788856294","-"
"1150217","11501","9944","新麗","其他","254450","185138","180800","37.43801920729402","40.735619469026545","254450","180800","40.735619469026545","-"
"1150217","11501","9945","潤泰新","其他","3522822","6988950","2228463","-49.59440259266413","58.08303750163229","3522822","2228463","58.08303750163229","主係建案交屋認列及子公司潤弘正於大量施工階段，以致本月營收較去年同期增加。"
"1150217","11501","9946","三發地產","建材營造","908579","1360270","3219","-33.20598116550391","28125.504815159988","908579","3219","28125.504815159988","本月及累月營收較去年同期增加，係因本月預售建案完工交屋入帳所致。"
"1150217","11501","9955","佳龍","綠能環保","127961","194523","81744","-34.21806161739229","56.53870620473674","127961","81744","56.53870620473674","營收較去年同期增加,主要係因本期貴金屬及五金售量增加所致"
"1150217","11501","9958","世紀鋼","鋼鐵工業","1436160","1257517","1389085","14.206010733850913","3.388921484286419","1436160","1389085","3.388921484286419","-"
